id,p2p_id,sim_id
952,5006966b-8e66-4f97-b84d-bf004e7857a1,34
953,5006966b-8e66-4f97-b84d-bf004e7857a1,34
954,930a6795-ec7a-45cf-9bc8-0386c391124e,34
955,d3ec3c0c-d533-4a84-a61e-c7d328a97178,34
956,c78c9f33-fea7-42f8-9e33-5f2e7bd2e426,34
957,851b759b-4718-4226-b8bc-95259382da1e,34
958,ab27d78e-e9ab-42a9-96fd-82833d5a06cc,34
959,4de84a16-9c56-4a96-8e1b-c287e2781d84,34
960,c894621f-2443-468a-a635-d0f8c4a45b9d,34
961,75f6b294-d986-4177-93a1-6a6c92065878,34
962,163c5756-82af-49e8-999f-57b1c8427dc3,34
963,9ff7d0b7-ede9-4d30-bb74-d09deb884f28,34
964,41a68d00-4759-47d7-9e82-a31c64da5496,34
965,fa459af0-c21c-4135-824b-518e401db606,34
966,fa459af0-c21c-4135-824b-518e401db606,34
967,c94de6c3-fe55-4f13-a13b-e3406a0694e2,34
968,8c1e3e8e-8b4b-413b-bf7c-17fda3930185,34
969,8c1e3e8e-8b4b-413b-bf7c-17fda3930185,34
970,95e4d1c7-3c15-44c2-bbf9-3198febe731a,34
971,60425ce8-347d-4a56-bd67-820bb1534bdc,34
972,a2a18b8f-bf3a-4825-8a34-45fd634c6eff,34
973,b9cbf24d-fd5a-43e1-8310-2451c449e438,34
974,e8b0d52b-2868-4b18-b3db-51fd0843d06c,34
975,80ab4f7c-e4b9-4db1-9648-bf1249ccd7b1,34
976,a35940f3-1655-4980-ad52-7d65d0084f9e,34
977,e9c23f46-5581-4d9e-8105-97ce71704d88,34
978,dd2eb897-9fbf-4a99-9a82-c2fa717d5448,34
979,577b6844-e392-4381-9d06-bf3c1a0beb45,34
980,a8f3f6bb-8969-4826-82b7-75e38c23fd67,34
981,9ae9881e-3d4d-453e-9f6a-b4b11728415c,34
982,9279853d-470e-4616-868c-b64581df96f2,34
983,9279853d-470e-4616-868c-b64581df96f2,34
984,9adf3eae-fc91-4db2-be6d-e2801eec23cd,34
985,00386c67-7c75-489b-ba6b-957f4dc11b06,34
986,48c9e3e0-02b6-4013-9a8b-7e0cb4d83ca4,34
987,48c9e3e0-02b6-4013-9a8b-7e0cb4d83ca4,34
988,09432a8c-5892-4d69-ada3-9148031abdd8,34
989,8465451e-cb40-4dbb-96a9-176050d68d80,34
990,8465451e-cb40-4dbb-96a9-176050d68d80,34
991,4174302c-fa94-4c3a-89a6-14cf625b8537,34
992,6f7bc7d2-dc94-464a-8e59-283566ddc032,34
993,6f7bc7d2-dc94-464a-8e59-283566ddc032,34
994,49a810b3-9d41-4c47-87ac-b44137c98a2f,34
995,1db15aed-949a-4cf4-a357-6adc6584bc5a,34
996,c5216556-80fc-4fed-814e-40bd10b49952,34
997,7e4e1d42-c995-4f33-a7a9-4664c338200e,34
998,7e4e1d42-c995-4f33-a7a9-4664c338200e,34
999,80309736-7e2f-47e3-b2e8-8e80abef92f3,34
1000,001f6fae-357d-4370-a200-3e12c098adb1,34
1001,b24ae3df-8b1d-4d08-b193-be66094c853c,34
1002,05d86d29-1094-4577-bf98-63daf34d1e72,34
1003,05d86d29-1094-4577-bf98-63daf34d1e72,34
1004,76b8a4e4-4972-452a-88c8-a861b5a80d8f,34
1005,1124141f-f24c-4576-b8e6-f5bee84247c7,34
1006,d8c2d1b0-81e1-448f-84df-f894d92b8437,34
1007,832e4c65-1328-4129-b0b3-6c770c379e65,34
1008,030954a7-f3f1-4a41-90f8-b89ad7f8f289,34
1009,67b2be6f-135a-459b-a79e-8035902f687f,34
1010,70645718-48fb-4cb8-91ba-98e081dc26e4,34
1011,58df9ee7-8729-4206-876e-9d491480b49c,34
1012,886587b0-4ef8-4ca1-80b3-814166f5939c,34
1013,886587b0-4ef8-4ca1-80b3-814166f5939c,34
1014,fb963784-7ca9-4e2c-b71f-3cae8c0f0edd,34
1015,fb963784-7ca9-4e2c-b71f-3cae8c0f0edd,34
1016,232bca38-30aa-4b7f-b468-94d347ee9326,34
1017,81f63a3e-0d63-41bb-a42f-c7614ed54b55,34
1018,e7fd0931-0f97-4356-ad09-5404256dc9bf,34
1019,e55138a9-4163-40cc-8c5e-7608951dc4d7,34
1020,ae8739ed-901e-40c2-b2ed-c9ccd1d44eb9,34
1021,0a0ea94e-d025-4345-baf0-bf5032548cfd,34
1022,f72b507a-5071-4c02-8fdf-5c1e3a33fa1f,34
1023,430d4086-2818-4481-958b-1fb662906044,34
1024,f4b7cfa7-d230-4c7b-b98f-14bfc453742f,34
1025,f4b7cfa7-d230-4c7b-b98f-14bfc453742f,34
1026,749e178e-d1a6-442f-987c-9e54bea3ce8f,34
1027,8ad89cc5-81cc-48e8-aec1-314aeba0eea1,34
1028,226630c5-44f7-4436-8cd7-33bf196128d1,34
1029,170fbcec-4675-4c53-a491-f6d0ce97af39,34
1030,dfc9b2dd-46b5-4cf9-8f1c-452577170f11,34
1031,085c6f6c-c212-42a0-b106-3d0e8343a395,34
1032,5db882e1-44b7-4808-b426-41e8a6559432,34
1033,b6824f40-b8d8-4136-a72a-009bc31abfca,34
1034,2d511bef-4bbe-49c1-a507-d76f48371fa4,34
1035,1cfc5e37-0ed4-448d-8da6-020dc1480c7b,34
1036,c1f29268-0eea-4820-ba8c-dcf5abe3365a,34
1037,0e88015c-9296-4500-96b9-6520ca482af1,34
1038,3bd1955e-498b-43c8-8bb0-28a50e6a132d,34
1039,7492b8cc-e8d0-44fa-b63a-60a459994c36,34
1040,bd2e46b6-f53f-49ab-9bd4-1d4ffdf9057f,34
1041,6dee3be3-4e5a-4e4d-bf8f-31fb0e8f3b8c,34
1042,5d1e61c6-8c43-4497-aef8-f7132edd4f94,34
1043,5d1e61c6-8c43-4497-aef8-f7132edd4f94,34
1044,093c1c96-a8d9-4a52-b014-716cccc39756,34
1045,b1eca54b-c5c5-44ba-b3c1-61c9ab42b7ed,34
1046,cbca5896-09a2-4692-b00d-5b95288a9276,34
1047,6fb8c183-c23f-417d-9437-1c90ab421228,34
1048,2d45f773-78ff-465f-b026-10e88debd7e2,34
1049,0965deb3-b96e-4bb2-bdc7-57afa77574dc,34
1050,b63275cf-0218-4f71-9e2b-20ee271fbcdd,34
1051,afb7397a-93e5-4964-a643-40a784fadf83,34
1052,02b7b803-0be4-4df1-88af-93556a7d3d9b,34
1053,388ef0ac-e796-4360-acdc-04f89428c9e2,34
1054,2c22adf0-7d07-43e5-9e11-03dc0072e49f,34
1055,d979f3f6-5950-4b2e-9c9f-f3642bbc5e13,34
1056,5d427a1b-7417-4030-9e3b-51c20873eec4,34
1057,9edfa30e-440d-4189-bdc8-e5b306948357,34
1058,ea106cc4-22b7-48f8-9213-08003f3308e6,34
1059,0389a50a-a16d-44e1-a16e-e5d1b5a8cfd9,34
1060,03eaf7f2-2da4-4722-9d99-f7de89c62745,34
1061,4cff84a0-1733-49e5-ace9-49bb094b1c61,34
1062,4cff84a0-1733-49e5-ace9-49bb094b1c61,34
1063,881587fe-7cdb-40da-a4fb-818a0a2b14c4,34
1064,16944583-e8c9-4042-ba84-7f91b4bd62b4,34
1065,3cd022e9-6b3f-4843-a6b9-6b68b29b3245,34
1066,3cd022e9-6b3f-4843-a6b9-6b68b29b3245,34
1067,44fa8daa-a851-4245-a8f9-1615c726e730,34
1068,4e692c97-b24c-4c34-b6f4-b1be73e61161,34
1069,b87d246d-0178-4205-adc5-a25b142bcfd1,34
1070,75cb62f3-ac8f-42e8-9f90-4f503ac14d8d,34
1071,a7abfcce-f1bb-4c7e-83b0-8f7ba54f6d8f,34
1072,4d722c19-a24c-4363-a28e-e4143a4e4d97,34
1073,c981dd5f-a923-4394-9bd7-fccf1033b969,34
1074,653a8fbf-ceb1-4235-9b70-02f07e6ee51c,34
1076,94b00ea6-8562-41ba-beb2-1ded5a96e290,34
1077,99e31013-de9b-4c4d-a609-024adc3c52d3,34
1079,21739e10-7930-4d79-ac7f-9600f4ca936f,34
1080,bc5298ac-a6e0-4a0c-9d13-e6abe9bcc8b2,34
1081,f5c10248-78de-422f-8ab4-66d3544ca11a,34
1082,c2027f50-4442-49df-8065-c5e57a7ca2fb,34
1085,48b2ab37-802d-44fa-a708-1351d9b3f455,34
1086,c280b744-0288-418d-a5f8-2ce26bee7388,34
1087,396569c6-6a28-46ef-bf84-15a610501367,34
1088,396569c6-6a28-46ef-bf84-15a610501367,34
1089,69950623-853a-493b-81f5-23d0d7c765b7,34
1091,8dc328d1-2474-4b13-915b-510d4f0fb468,34
1092,b68e56f0-c8ca-4080-b252-9ff2fb9e8774,34
1093,e98d6b5b-0b4b-4834-8784-6ea5c85513c1,34
1094,1319f588-6281-4937-b5b3-c5dc99895638,34
1095,bf3fe195-8c9e-4112-8f42-9ed966daec78,34
1096,838cd807-ba0e-4866-a9f1-55e3348e8fe3,34
1097,072de17d-e25e-421b-8a7c-c4fb0fb36d1f,34
1098,5fc9b2c2-1df3-4126-887a-a46f42b6ce5e,34
1099,5fc9b2c2-1df3-4126-887a-a46f42b6ce5e,34
1101,3cb88365-abd8-4e6e-8cb5-86651ccb7d02,34
1102,76d37558-32f9-489b-9586-a0474c9dd2c8,34
1103,69445009-6854-4a90-b662-30f71add5781,34
1105,7567b63a-8ec0-4545-891a-9553ab28a54c,34
1106,cc8752b4-a52e-43db-8cab-021c7f539a2a,34
1107,dfb3aed3-a351-4fbd-bdfd-f97c9d81ff35,34
1108,b6dd018f-e6c5-4e6a-9a6d-1a958eda4aca,34
1109,fb7049d5-68a8-4b75-bba8-a6ec6b1d29aa,34
1110,6f6bc4c4-ee02-4958-80c8-5fdf2604d6d6,34
1111,6bef7717-0e13-41dd-8042-0664e859f095,34
1112,a8e30c4a-53fc-4abc-9a40-2c3fa9d8a95f,34
1113,2e169e34-c028-4e25-9002-6a81a2d56675,34
1114,66b7e3f5-e4c5-43a6-a27e-c21328de63a4,34
1117,2e385ca5-4105-4b8e-b41c-16ea60c9f831,34
1118,e761a7ee-c64f-4111-ad7a-1d7627ffefeb,34
1119,0ba45f8f-6401-45bf-bd81-fa50ccd62260,34
1120,0ba45f8f-6401-45bf-bd81-fa50ccd62260,34
1121,15184253-3de7-4899-9ffc-675398379a16,34
1122,a2bfbac9-17a8-4e0b-8088-e6e7d32e2624,34
1123,bb7e7318-157a-41e3-95ac-083a89d19d35,34
1124,f1c327a9-3b1a-4607-b28d-d0dccdea4c17,34
1125,999c8bbf-9fb3-4ef8-870c-b3ed9cbff2ef,34
1126,2338a21f-36c9-47ed-9b2b-3addb1b618b4,34
1128,a8172aa6-8bb5-4f0a-855d-cb5228245c83,34
1129,a8172aa6-8bb5-4f0a-855d-cb5228245c83,34
1130,156d29d6-906f-42fd-bfea-f9fcedc09404,34
1131,a8e36543-6dfe-4969-899b-e4a9a65c6659,34
1133,d4d8c58f-7adb-4279-8622-46a83c28900f,34
1134,5fe754b7-a516-4789-9a62-ae0522052a74,34
1135,f57cbce5-9c40-406b-a450-d066157c5b84,34
1136,0affef9e-a9c1-4c3b-a064-9ce59f614a86,34
1137,dc46c601-b14b-4a06-9b91-0ab9200fa02f,34
1138,96c25698-9cfc-46b4-b5f5-7dc2326e496f,34
1140,20604772-2ac8-4c47-bbfa-55099ff599e4,34
1141,b7a8a817-c0ec-48dd-8c26-01b946a8c81e,34
1142,2ed7f0e7-1d08-4d57-ba8f-26edbbdc9368,34
1155,8a79f072-d7a8-45f9-9efc-c312bd18774a,34
1157,a1d98341-2b30-449b-90af-455c668cf759,34
1158,a1d98341-2b30-449b-90af-455c668cf759,34
1159,af559128-19cf-4460-9499-c82c7e1250b3,34
1161,7792f096-e03a-4cde-9110-aecd54f5b6cb,34
1162,ba5ee102-a372-4c1c-a773-5ed87d939154,34
1163,ab9d7729-d2a2-4d05-92f5-6ab5bd336624,34
1166,1bc0b2b2-23dc-4b02-b15d-486bcf183b14,34
1167,1bc0b2b2-23dc-4b02-b15d-486bcf183b14,34
1168,55e29740-fb27-4a2b-8fb7-6297f29d3982,34
1169,11553171-4a9e-4743-921e-32d07029cbcf,34
1170,85bc9729-f60e-4fc5-b3c4-df8af313e305,34
1171,c02af1ef-2020-4e2d-a2af-e2f313962002,34
1172,858f5d12-cafa-4034-9d2d-404f952671a1,34
1173,858f5d12-cafa-4034-9d2d-404f952671a1,34
1174,4d152b3d-32fb-4e0a-ab66-4c9615c29a80,34
1175,fa1401c7-ce96-44b2-9640-5698ca4c81bd,34
1179,a4a13c9f-e3cc-49b1-a527-5ace0203d8b6,34
1186,3c1689d9-5ad4-418f-bbe5-5038ac768dac,34
1188,97a939c8-6f7a-4c3b-acb1-67a3b778a94a,34
1189,fd25d86d-92cb-4996-b0d2-8bf6960a4cd6,34
1191,778ed145-d1df-498d-93d4-4d0bcb3ee847,34
1192,d310a090-cc97-49c8-9616-fe2b58a3d072,34
1195,190cc019-6518-4255-92d2-14012d586682,34
1199,2600d0ac-0293-4ee8-ba89-7359872dc396,34
1200,784ccbf8-a42d-49c9-8cca-55a0413cf1dd,34
1201,766f3342-f581-4eec-9802-670764114ba6,34
1202,5c3be279-7522-47f2-bbb5-91c7579113c6,34
1204,22814990-2c0c-4b9c-a244-8d5c571c7020,34
1205,b4c81b07-6db9-47da-98d5-8a07341b3cdc,34
1206,5b7b5d43-630a-479b-9df2-a56aff9dae3c,34
1207,fa4f74be-1cba-456c-bb98-22258a4b2dbd,34
1208,13137d9e-29b4-4fc5-96e3-4e2e6564471f,34
1209,eb8067f8-aa96-4f50-bd99-8199105bcb47,34
1215,9715ea2d-4fda-468e-8006-2b93c193f14b,34
1216,9c68be18-7f9c-49a1-ac0c-d75d2462ee13,34
1217,64bf5dc7-bd24-4ec1-a397-0091d8004cb0,34
1218,d6b63eb3-3d27-4030-b05e-1088ec64d844,34
1220,11ebc7f7-a9b2-4af0-870f-25e136a82dfb,34
1221,ce509115-fd3c-4bac-adcf-2b6e8cde15d1,34
1224,6ee4534e-f514-4ea7-8919-cdaae13cd567,34
1225,1ff4abe4-22c9-4a7d-9179-a7f354ce0bbe,34
1226,9030cf6e-3654-4dcc-b83c-15f93c091dfd,34
1229,3ad60ceb-bef7-425b-b66c-95a7c38fb817,34
1230,199359c3-1f90-4e2b-a39a-5bbaed6a8b8c,34
1232,ee171e01-5c59-4f8c-997f-ac2d217c569d,34
1233,5618d5aa-8bb4-450f-89f1-b8624395af9c,34
1234,394c5fb2-44e2-4f71-be06-ec28958670e0,34
1236,995b5732-c89c-4470-a9ca-3b2353365631,34
1237,35cf737d-6a84-49e0-8a84-72d9cf2011ed,34
1238,0cba9afe-22b6-41f7-bf37-afac8c613b4d,34
1240,5460b8ae-73cf-4b8f-87b3-a57ef0bcb51c,34
1241,5460b8ae-73cf-4b8f-87b3-a57ef0bcb51c,34
1243,65204fff-e7fa-41d6-a1b4-25a5e5e07a49,34
1244,2ef1dc3e-9a34-499b-9fc7-8d5e3bb9a45d,34
1245,281bc8a6-1f00-48e1-a725-a7fbdf0ceeaa,34
1246,2c3b2cce-bebd-4aa0-8018-73fba0dc01f8,34
1249,278c1d29-93ac-4e4e-966c-16483a7c9a0c,34
1250,1da345cc-5627-4a15-b4b3-141133f5e17d,34
1251,9b08aa88-17dc-4d09-9cf4-53a0c0a4322c,34
1252,5ecadda2-9f61-4937-8121-4b9d5c89c6a5,34
1253,b5e2656d-a5a9-4399-9923-477f93eef2cc,34
1254,da449516-c147-4c97-8455-4d87e7a07400,34
1255,da449516-c147-4c97-8455-4d87e7a07400,34
1256,a024d5bd-223a-4ce7-b049-1c8d74b71172,34
1257,2d273cf6-ebec-40f8-a918-710eb3a06679,34
1258,606279c6-4a1b-44b0-b71f-23a2730c9704,34
1259,ed688e7a-b2d5-4bbe-b271-dabb6376249c,34
1260,48011bfb-939e-4999-877a-42387e1c80f7,34
1261,48011bfb-939e-4999-877a-42387e1c80f7,34
1262,23f9ac61-4990-40c8-ba3d-815915f105dd,34
1263,13ee378c-b664-4c67-8f90-9f3a0ae03152,34
1265,d0ad60ef-11f5-4e1d-ae0a-8e1e2526f067,34
1266,b69a0ac9-f5b6-46b1-b8a1-4c1311328497,34
1267,b69a0ac9-f5b6-46b1-b8a1-4c1311328497,34
1268,21cc7b5e-a506-4c6c-8077-60bb18bbb76a,34
1269,2ccb68b3-0c63-4656-8c61-c35f41e1d401,34
1270,e2954c28-c619-46f2-b1d2-3f9d00cc8767,34
1271,e2954c28-c619-46f2-b1d2-3f9d00cc8767,34
1272,be4c322c-a5dd-40d3-bfc4-7ba17ae599b7,34
1273,586d7c83-89cc-492b-bab6-a0f09b202e35,34
1274,1cd9b177-7f43-4c05-aad6-063208f444e3,34
1275,b6a3762a-37f8-4906-938a-1a9149765b4e,34
1277,06dd976f-26fa-4318-b38a-8b4053949f77,34
1278,e30219bc-9890-4ff6-8cee-b2bb247fc3d3,34
1280,aabce1ee-15cf-40ce-9107-b8c8f694b6d6,34
1281,06a1364d-3d82-4da6-a025-a7f3f8fd835d,34
1282,a770ddcf-6bc3-4743-9be1-2cbbc15284ed,34
1283,5fb008fa-6821-4ce8-8c47-e969e142f499,34
1284,9c7702de-e7f8-4932-b911-62ec87ee2b33,34
1285,55b8e3ec-47e3-4f10-a1a0-2d2e891291dd,34
1287,18c7dce2-bbed-4df0-bfe1-8366a033a874,34
1288,f32209db-4951-44d3-942b-cac1b4d8c21d,34
1289,343545ad-a8aa-4621-be0c-8df577d33b65,34
1291,c896cdf2-030d-4d0c-919b-d7a58dd0f561,34
1292,3fcdaa40-b8e7-4118-9483-56256e9363c9,34
1293,595f1194-e5da-4adc-adac-e4c0b00c8553,34
1294,f3bcfaeb-5ee5-44da-b216-70946f102759,34
1295,e01621a4-5b6e-42b3-b73d-3ed079630c3c,34
1296,ca154e91-17e6-4702-983e-2ff5078e266f,34
1298,aa5dd3d0-f756-4bfd-9eee-6b282f8026f1,34
1299,ca3a932b-fa27-4b16-9bbe-be5401279c51,34
1301,7a64d53d-afb8-4c90-87bd-4445fd7f96cc,34
1302,d7ad81f7-e6e2-4c0d-a904-4463c80f668f,34
1303,d7ad81f7-e6e2-4c0d-a904-4463c80f668f,34
1304,f4f237c2-9cfc-4740-95ca-06d51a7fa872,34
1305,b8fa0f27-568f-4194-8d70-d5f5c08cdc1c,34
1307,3c00387d-69c6-4e3e-add9-1df846f3be92,34
1308,3c00387d-69c6-4e3e-add9-1df846f3be92,34
1309,5142c215-d39d-4239-bccc-ac203e252218,34
1310,6ffd8f92-1d07-4bd5-b0d6-224dd87fdcef,34
1311,5c466159-5010-44fb-81d9-0243da3f0aed,34
1314,2e94ba87-098b-4df1-8a8d-efc9e2abe320,34
1315,54280a63-698e-469b-b55c-94fca8904874,34
1316,7484a730-4f7d-44f4-af13-0fc663c2ea11,34
1317,f605d8c8-33a4-4e07-a9e6-26c757ffe0f2,34
1318,46b71157-c0de-4859-83c1-8d7960abf9ff,34
1319,f464b9d2-2791-43ae-80a6-91c033e9fcaa,34
1320,4ae2f47c-0f6b-46aa-8c3b-aaa456c6a2c5,34
1321,6239ba2f-5990-4b4d-9135-db31383bd5e3,34
1322,d004bd8d-bdc2-499b-ada0-c61d78106cad,34
1323,12bdad5d-4c02-4ef1-88cd-b7b95a96ae31,34
1332,ce879698-8d5c-418d-8fd7-e5dcf22b9bab,34
1333,2b372210-ebce-4970-a727-ed55a915bc89,34
1334,bb22bd89-8b28-400e-b355-69d106abad21,34
1336,bfa5c274-1305-49d8-8b63-79ce4901ffba,34
1337,0c70239d-2995-40c2-973c-d2128e75943a,34
1338,02c23282-61b9-4607-82c5-f182dd16a90a,34
1339,15bc92b3-22d2-48da-a8ce-f9d60dc160d8,34
1340,09bc439d-9fa4-4901-8913-fd5385d23663,34
1341,20680e73-f469-476e-9410-fe99dc9333ae,34
1342,42e7d1ea-f110-425e-a31d-769e6e857866,34
1343,80744b34-7a00-4d17-a3b7-ef9851bb908e,34
1344,ba88a96b-d184-4ff0-b25e-c322e07ad80c,34
1345,490a5e6c-4950-4de8-871b-4ac5b5aaab71,34
1346,0efe9117-2790-4822-a699-831e33288103,34
1347,6080ac18-5c50-4076-a1f8-ebc26353f355,34
1348,8dcd8d86-a0e9-4314-845a-9635857eecf9,34
1349,8f2f3bc2-aae3-4c21-8364-335d5fa5bd61,34
1351,1d72e0a7-9e80-4037-a9f2-86891d84fe5d,34
1352,ca9ed7da-8641-4af0-bc95-56fc4c2b03b4,34
1354,327473d4-ef1d-4609-898b-e72aaa940847,34
1355,327473d4-ef1d-4609-898b-e72aaa940847,34
1356,c82d3da2-8da3-45f6-9bdd-22eb11e240a4,34
1357,66fe254b-c449-411f-a0c2-e8abf794d3f6,34
1359,d651e9e6-415d-4f42-aabc-d8c91e447a51,34
1364,ebfeb164-4f2a-4369-a93f-840928be3a08,34
1366,82ef52a4-060c-4635-a7a8-616ac24c99ef,34
1376,4a9f752d-1e80-4a10-a5d2-2b30b0e14c9c,34
1377,98c71ece-e908-4dab-9c42-2d30a44a7086,34
1378,98c71ece-e908-4dab-9c42-2d30a44a7086,34
1379,dc416f16-89b6-40b3-9aa3-b3cb0bfa29b3,34
1381,67e66693-837a-4d76-9bdf-f9ffd26235c9,34
1382,d7c4a6b2-b434-47d2-bbf7-2b2b1d6baf99,34
1383,01edeb8d-7c54-42f6-b9d2-66c4a892d5d0,34
1386,fc76550b-2283-47b7-805a-4ad8c072af3c,34
1387,8b2d0e04-cfdf-4dfd-8355-f93dff3dccf9,34
1389,ee34f2d4-1020-495f-bd85-ff7077cd00e9,34
1390,7f388588-1b64-4277-aced-609be3bd6f96,34
1391,0861c70a-03db-41a2-889c-7bb4ff7b3626,34
1392,d7005aad-ca8b-432e-8155-00dfc9963e96,34
1395,28e44e85-6c7b-4812-b58f-f62d79be9a72,34
1400,1f4bd99f-a21f-4e4e-a63b-0bd9c50bb1a8,34
1401,f75c3a8c-f1df-4502-b05e-8725f0e62006,34
1403,8d76e4eb-16d8-4931-8184-2989454d2c67,34
1405,38f4c6be-ade6-48e3-9078-c5d0704829ba,34
1406,97007610-e0f8-47bb-959a-73ca62e57317,34
1407,eca11a17-5027-45af-9670-3427b90d4401,34
1408,d311e6ae-d648-483c-bc07-dff41016f60a,34
1426,9025fff5-946d-45c0-b4e8-2d4d5ba8ecb2,34
1428,4cb2252b-ba33-488d-a719-982703d0f1e0,34
1429,5925ef2f-780b-4186-85e3-67a6e333ae77,34
1430,f216364f-9f9a-41aa-b125-4ee9d1793197,34
1431,9b892980-2c72-4138-a95a-fccadbf7785f,34
1435,f8c86651-9afc-4302-898c-f1aaf1386271,34
1436,33f533b9-30bb-4b41-9966-a7e3e1e2a429,34
1448,8b38b99f-bd71-4a84-a615-acb52cba1248,34
1449,c50112cb-4060-467f-aede-ec96df37727d,34
1451,15cc4ff4-15d2-4ade-bdd7-a0d7e28922ba,34
