id,user_id,time,lat,lng,type,inf,falsePostive,out,sim_id,peer_id,contact_length,quiz_id,modifier,score
2110,88,1595986772,0,0,outcome,,,ESCAPED,7,,0,0,,0
2111,97,1595995794,0,0,outcome,,,ESCAPED,7,,0,0,,0
2513,145,1596040426,0,0,contact,,,,6,e33119b4-a5e1-4dce-bade-e997e7b3d634,20255,0,,0
2519,135,1596040749,0,0,infection,CASE0[0],,,7,,0,0,,0
2525,151,1596041030,0,0,contact,,,,7,fe1181e7-fdbb-44e0-bed9-9d0e263c2d39,114727,0,,0
2531,154,1596041280,0,0,infection,CASE0[0],,,7,,0,0,,0
2537,151,1596042039,0,0,contact,,,,7,67f86544-946c-42ef-8ffe-e3bc76b94eee,65209,0,,0
2543,123,1596043920,0,0,outcome,,,ESCAPED,7,,0,0,,0
2550,88,1596046040,0,0,contact,,,,7,974bf533-30f3-4f92-bb1f-7e9bdfeef8ae,170043,0,,0
2556,140,1596048866,0,0,infection,CASE0[0],,,6,,0,0,,0
2562,145,1596051298,0,0,contact,,,,6,4d1fa7be-718f-4047-92af-6babb0bf19cc,37347,0,,0
2568,145,1596052576,0,0,contact,,,,6,4ac14b7f-3be1-47a8-9158-4f1f9a4bc86c,31411,0,,0
2501,131,1596039859,0,0,contact,,,,7,3d5ed417-4883-48b3-a7b3-662343ccf3a7,177091,0,,0
2514,145,1596040493,0,0,contact,,,,6,e33119b4-a5e1-4dce-bade-e997e7b3d634,59836,0,,0
2520,145,1596040793,0,0,contact,,,,6,e33119b4-a5e1-4dce-bade-e997e7b3d634,69156,0,,0
2526,145,1596041052,0,0,contact,,,,6,e33119b4-a5e1-4dce-bade-e997e7b3d634,11274,0,,0
2532,143,1596041409,0,0,outcome,,,ESCAPED,6,,0,0,,0
2538,151,1596042366,0,0,contact,,,,7,516defd8-f075-410f-be06-8cf24dedc555,59597,0,,0
2544,151,1596043966,0,0,contact,,,,7,194a6a33-be7a-4c5e-b036-6e6d9fc80809,280752,0,,0
2545,151,1596043966,0,0,contact,,,,7,e66d7ce7-d450-435d-af4f-1641b5a946bc,207072,0,,0
2551,88,1596046378,0,0,contact,,,,7,974bf533-30f3-4f92-bb1f-7e9bdfeef8ae,170019,0,,0
2557,145,1596049771,0,0,contact,,,,6,e33119b4-a5e1-4dce-bade-e997e7b3d634,170040,0,,0
2563,145,1596051301,0,0,contact,,,,6,4ac14b7f-3be1-47a8-9158-4f1f9a4bc86c,30526,0,,0
2509,145,1596040288,0,0,contact,,,,6,88eb3bfe-c1ee-4065-8825-58c6961a9838,21167,0,,0
2515,145,1596040513,0,0,contact,,,,6,e33119b4-a5e1-4dce-bade-e997e7b3d634,10050,0,,0
2521,145,1596040852,0,0,contact,,,,6,88eb3bfe-c1ee-4065-8825-58c6961a9838,424351,0,,0
2527,145,1596041106,0,0,contact,,,,6,88eb3bfe-c1ee-4065-8825-58c6961a9838,116763,0,,0
2533,151,1596041572,0,0,contact,,,,7,516defd8-f075-410f-be06-8cf24dedc555,171095,0,,0
2546,88,1596044178,0,0,contact,,,,7,974bf533-30f3-4f92-bb1f-7e9bdfeef8ae,103355,0,,0
2552,101,1596047963,0,0,outcome,,,ESCAPED,6,,0,0,,0
2558,145,1596050749,0,0,contact,,,,6,4ac14b7f-3be1-47a8-9158-4f1f9a4bc86c,10596,0,,0
2564,145,1596051807,0,0,contact,,,,6,4ac14b7f-3be1-47a8-9158-4f1f9a4bc86c,15776,0,,0
2510,145,1596040323,0,0,contact,,,,6,e33119b4-a5e1-4dce-bade-e997e7b3d634,51221,0,,0
2516,145,1596040576,0,0,contact,,,,6,e33119b4-a5e1-4dce-bade-e997e7b3d634,52831,0,,0
2522,145,1596040873,0,0,contact,,,,6,e33119b4-a5e1-4dce-bade-e997e7b3d634,71408,0,,0
2528,151,1596041105,0,0,contact,,,,7,fe1181e7-fdbb-44e0-bed9-9d0e263c2d39,72863,0,,0
2547,88,1596044325,0,0,contact,,,,7,974bf533-30f3-4f92-bb1f-7e9bdfeef8ae,32015,0,,0
2553,145,1596048003,0,0,contact,,,,6,4d1fa7be-718f-4047-92af-6babb0bf19cc,170043,0,,0
2559,145,1596051165,0,0,contact,,,,6,4ac14b7f-3be1-47a8-9158-4f1f9a4bc86c,145314,0,,0
2565,145,1596051840,0,0,contact,,,,6,e33119b4-a5e1-4dce-bade-e997e7b3d634,68883,0,,0
3649,80,1596125007,0,0,quiz,,,,7,,0,2,,100
2497,131,1596039324,0,0,contact,,,,7,3d5ed417-4883-48b3-a7b3-662343ccf3a7,41907,0,,0
2498,131,1596039324,0,0,contact,,,,7,7ff3ae73-ea37-4e95-9147-f03354b01582,57306,0,,0
2511,145,1596040399,0,0,contact,,,,6,e33119b4-a5e1-4dce-bade-e997e7b3d634,36386,0,,0
2517,145,1596040600,0,0,contact,,,,6,e33119b4-a5e1-4dce-bade-e997e7b3d634,18318,0,,0
2523,151,1596040990,0,0,contact,,,,7,67f86544-946c-42ef-8ffe-e3bc76b94eee,74119,0,,0
2529,151,1596041130,0,0,contact,,,,7,67f86544-946c-42ef-8ffe-e3bc76b94eee,97898,0,,0
2541,151,1596042762,0,0,contact,,,,7,67f86544-946c-42ef-8ffe-e3bc76b94eee,223829,0,,0
2548,88,1596044400,0,0,contact,,,,7,974bf533-30f3-4f92-bb1f-7e9bdfeef8ae,35171,0,,0
2554,151,1596048636,0,0,contact,,,,7,e66d7ce7-d450-435d-af4f-1641b5a946bc,70799,0,,0
2560,145,1596051250,0,0,contact,,,,6,4d1fa7be-718f-4047-92af-6babb0bf19cc,20783,0,,0
2566,145,1596051850,0,0,contact,,,,6,4ac14b7f-3be1-47a8-9158-4f1f9a4bc86c,32096,0,,0
3650,136,1596125012,0,0,quiz,,,,7,,0,2,,66
2499,131,1596039596,0,0,contact,,,,7,50de8327-b1dc-4739-bce1-45f867c26241,327547,0,,0
2512,145,1596040416,0,0,contact,,,,6,88eb3bfe-c1ee-4065-8825-58c6961a9838,92921,0,,0
2518,145,1596040722,0,0,contact,,,,6,e33119b4-a5e1-4dce-bade-e997e7b3d634,116700,0,,0
2524,151,1596041026,0,0,contact,,,,7,67f86544-946c-42ef-8ffe-e3bc76b94eee,33503,0,,0
2530,145,1596041143,0,0,contact,,,,6,e33119b4-a5e1-4dce-bade-e997e7b3d634,80830,0,,0
2536,145,1596041901,0,0,contact,,,,6,4d1fa7be-718f-4047-92af-6babb0bf19cc,210043,0,,0
2542,151,1596043612,0,0,contact,,,,7,67f86544-946c-42ef-8ffe-e3bc76b94eee,36383,0,,0
2549,88,1596045643,0,0,contact,,,,7,974bf533-30f3-4f92-bb1f-7e9bdfeef8ae,70385,0,,0
2555,145,1596048762,0,0,contact,,,,6,4d1fa7be-718f-4047-92af-6babb0bf19cc,170022,0,,0
2561,145,1596051270,0,0,contact,,,,6,4ac14b7f-3be1-47a8-9158-4f1f9a4bc86c,56519,0,,0
2567,145,1596052566,0,0,contact,,,,6,e33119b4-a5e1-4dce-bade-e997e7b3d634,32165,0,,0
3651,108,1596125013,0,0,quiz,,,,7,,0,2,,100
3652,91,1596125015,0,0,quiz,,,,7,,0,2,,100
3653,105,1596125023,0,0,quiz,,,,7,,0,2,,66
3654,207,1596125026,0,0,quiz,,,,7,,0,2,,100
3655,126,1596125036,0,0,quiz,,,,7,,0,2,,100
3656,127,1596125051,0,0,quiz,,,,7,,0,2,,100
3657,92,1596125058,0,0,quiz,,,,5,,0,5,,100
3658,176,1596125072,0,0,quiz,,,,5,,0,5,,100
3659,201,1596125079,0,0,quiz,,,,7,,0,2,,100
3660,190,1596125088,0,0,quiz,,,,6,,0,8,,100
3661,165,1596125089,0,0,quiz,,,,6,,0,8,,100
3662,178,1596125094,0,0,quiz,,,,5,,0,5,,100
3663,161,1596125105,0,0,quiz,,,,6,,0,8,,100
3602,202,1596121600,0,0,contact,,,,7,ebea9177-3a8c-4237-b37d-473be0333837,55252,0,,0
3603,202,1596121600,0,0,contact,,,,7,03b15a29-eae6-43d0-8634-6aca629bf42a,69343,0,,0
3604,203,1596121625,0,0,contact,,,,7,bacb2b8a-b737-4ea7-aeae-96c796ca3f79,79378,0,,0
3605,202,1596121665,0,0,contact,,,,7,03b15a29-eae6-43d0-8634-6aca629bf42a,48258,0,,0
3606,203,1596121669,0,0,contact,,,,7,bacb2b8a-b737-4ea7-aeae-96c796ca3f79,25379,0,,0
3607,203,1596121680,0,0,contact,,,,7,bacb2b8a-b737-4ea7-aeae-96c796ca3f79,2199,0,,0
3608,202,1596121685,0,0,contact,,,,7,ebea9177-3a8c-4237-b37d-473be0333837,73817,0,,0
3609,203,1596121709,0,0,contact,,,,7,bacb2b8a-b737-4ea7-aeae-96c796ca3f79,14264,0,,0
3610,203,1596121719,0,0,contact,,,,7,03b15a29-eae6-43d0-8634-6aca629bf42a,174145,0,,0
3611,203,1596121774,0,0,contact,,,,7,03b15a29-eae6-43d0-8634-6aca629bf42a,32600,0,,0
3612,203,1596121984,0,0,contact,,,,7,bacb2b8a-b737-4ea7-aeae-96c796ca3f79,3058,0,,0
3613,203,1596122099,0,0,contact,,,,7,bacb2b8a-b737-4ea7-aeae-96c796ca3f79,40304,0,,0
3614,203,1596122141,0,0,contact,,,,7,bacb2b8a-b737-4ea7-aeae-96c796ca3f79,34432,0,,0
3615,203,1596122192,0,0,contact,,,,7,bacb2b8a-b737-4ea7-aeae-96c796ca3f79,18128,0,,0
3616,203,1596122223,0,0,contact,,,,7,bacb2b8a-b737-4ea7-aeae-96c796ca3f79,1900,0,,0
3617,203,1596122241,0,0,contact,,,,7,bacb2b8a-b737-4ea7-aeae-96c796ca3f79,8370,0,,0
3618,203,1596122269,0,0,contact,,,,7,bacb2b8a-b737-4ea7-aeae-96c796ca3f79,4890,0,,0
3619,203,1596122384,0,0,contact,,,,7,03b15a29-eae6-43d0-8634-6aca629bf42a,345298,0,,0
3620,202,1596122485,0,0,contact,,,,7,03b15a29-eae6-43d0-8634-6aca629bf42a,505637,0,,0
3621,202,1596122580,0,0,contact,,,,7,ebea9177-3a8c-4237-b37d-473be0333837,630899,0,,0
3624,203,1596122962,0,0,contact,,,,7,bacb2b8a-b737-4ea7-aeae-96c796ca3f79,23171,0,,0
3625,203,1596122996,0,0,contact,,,,7,bacb2b8a-b737-4ea7-aeae-96c796ca3f79,7651,0,,0
3626,203,1596123042,0,0,contact,,,,7,03b15a29-eae6-43d0-8634-6aca629bf42a,97704,0,,0
3627,203,1596123227,0,0,contact,,,,7,03b15a29-eae6-43d0-8634-6aca629bf42a,164720,0,,0
3628,203,1596123243,0,0,contact,,,,7,bacb2b8a-b737-4ea7-aeae-96c796ca3f79,6391,0,,0
3629,203,1596123354,0,0,contact,,,,7,03b15a29-eae6-43d0-8634-6aca629bf42a,99344,0,,0
3630,203,1596123447,0,0,contact,,,,7,03b15a29-eae6-43d0-8634-6aca629bf42a,88803,0,,0
3631,203,1596123567,0,0,contact,,,,7,03b15a29-eae6-43d0-8634-6aca629bf42a,109609,0,,0
3632,202,1596123558,0,0,contact,,,,7,ebea9177-3a8c-4237-b37d-473be0333837,620839,0,,0
3633,203,1596123828,0,0,contact,,,,7,03b15a29-eae6-43d0-8634-6aca629bf42a,258331,0,,0
3634,203,1596123894,0,0,contact,,,,7,03b15a29-eae6-43d0-8634-6aca629bf42a,58787,0,,0
3635,203,1596123944,0,0,contact,,,,7,bacb2b8a-b737-4ea7-aeae-96c796ca3f79,5235,0,,0
3637,203,1596124042,0,0,contact,,,,7,bacb2b8a-b737-4ea7-aeae-96c796ca3f79,83182,0,,0
3638,203,1596124050,0,0,contact,,,,7,bacb2b8a-b737-4ea7-aeae-96c796ca3f79,1892,0,,0
3639,203,1596124073,0,0,contact,,,,7,bacb2b8a-b737-4ea7-aeae-96c796ca3f79,15567,0,,0
3641,203,1596124109,0,0,contact,,,,7,bacb2b8a-b737-4ea7-aeae-96c796ca3f79,27050,0,,0
3642,203,1596124122,0,0,contact,,,,7,bacb2b8a-b737-4ea7-aeae-96c796ca3f79,7810,0,,0
3643,203,1596124187,0,0,contact,,,,7,03b15a29-eae6-43d0-8634-6aca629bf42a,279388,0,,0
3644,203,1596124229,0,0,contact,,,,7,03b15a29-eae6-43d0-8634-6aca629bf42a,35904,0,,0
3645,203,1596124293,0,0,contact,,,,7,bacb2b8a-b737-4ea7-aeae-96c796ca3f79,23807,0,,0
3646,203,1596124306,0,0,contact,,,,7,bacb2b8a-b737-4ea7-aeae-96c796ca3f79,2575,0,,0
3647,203,1596124344,0,0,contact,,,,7,bacb2b8a-b737-4ea7-aeae-96c796ca3f79,8554,0,,0
3648,203,1596124434,0,0,contact,,,,7,03b15a29-eae6-43d0-8634-6aca629bf42a,194935,0,,0
3664,184,1596125107,0,0,quiz,,,,7,,0,2,,100
3665,206,1596125113,0,0,quiz,,,,7,,0,2,,100
3666,90,1596125123,0,0,quiz,,,,7,,0,2,,100
3667,85,1596125164,0,0,quiz,,,,5,,0,5,,100
3668,129,1596125181,0,0,quiz,,,,7,,0,2,,66
3669,182,1596125194,0,0,quiz,,,,6,,0,8,,66
3670,175,1596125315,0,0,quiz,,,,5,,0,5,,100
3671,113,1596125336,0,0,quiz,,,,6,,0,8,,100
3672,95,1596125364,0,0,quiz,,,,7,,0,2,,100
3673,122,1596125537,0,0,quiz,,,,7,,0,2,,100
3674,202,1596125597,0,0,quiz,,,,7,,0,2,,100
3676,202,1596125606,0,0,modifier,,,,7,,0,0,Wearing PPE,0
3678,135,1596125629,0,0,quiz,,,,7,,0,2,,100
3679,202,1596125632,0,0,contact,,,,7,ebea9177-3a8c-4237-b37d-473be0333837,40699,0,,0
3680,202,1596125634,0,0,contact,,,,7,ebea9177-3a8c-4237-b37d-473be0333837,1769,0,,0
3682,138,1596125654,0,0,quiz,,,,6,,0,8,,100
3683,202,1596125727,0,0,contact,,,,7,ebea9177-3a8c-4237-b37d-473be0333837,92104,0,,0
3684,180,1596125748,0,0,quiz,,,,5,,0,5,,100
3685,180,1596125752,0,0,modifier,,,,5,,0,0,Wearing PPE,0
3686,203,1596125763,0,0,contact,,,,7,bacb2b8a-b737-4ea7-aeae-96c796ca3f79,171143,0,,0
3687,181,1596125798,0,0,quiz,,,,7,,0,2,,100
3688,181,1596125806,0,0,modifier,,,,7,,0,0,Wearing PPE,0
3689,173,1596125831,0,0,quiz,,,,7,,0,2,,100
3690,172,1596125933,0,0,quiz,,,,7,,0,2,,100
3691,118,1596126332,0,0,quiz,,,,6,,0,8,,100
3692,167,1596126839,0,0,quiz,,,,7,,0,2,,100
3693,87,1596126969,0,0,quiz,,,,6,,0,8,,100
3694,208,1596127409,0,0,quiz,,,,5,,0,5,,100
3695,116,1596127554,0,0,quiz,,,,7,,0,2,,100
3696,204,1596128095,0,0,quiz,,,,7,,0,2,,100
3697,209,1596128373,0,0,quiz,,,,5,,0,5,,66
3698,195,1596128710,0,0,quiz,,,,6,,0,8,,100
3699,152,1596128715,0,0,quiz,,,,7,,0,2,,100
3700,114,1596128753,0,0,quiz,,,,6,,0,8,,100
3701,124,1596128804,0,0,quiz,,,,7,,0,2,,100
3702,93,1596128828,0,0,quiz,,,,7,,0,2,,100
3703,93,1596031129,0,0,outcome,,,ESCAPED,7,,0,0,,0
3704,93,1596031129,0,0,outcome,,,ESCAPED,7,,0,0,,0
3705,93,1596031129,0,0,outcome,,,ESCAPED,7,,0,0,,0
3706,93,1596128831,0,0,modifier,,,,7,,0,0,Wearing PPE,0
3707,83,1596128845,0,0,quiz,,,,7,,0,2,,66
3708,83,1596128852,0,0,modifier,,,,7,,0,0,Wearing Mask,0
3709,192,1596129802,0,0,quiz,,,,7,,0,2,,100
3710,192,1596129807,0,0,modifier,,,,7,,0,0,Wearing PPE,0
3711,145,1596130036,0,0,quiz,,,,6,,0,8,,100
3712,145,1596130052,0,0,modifier,,,,6,,0,0,Wearing PPE,0
3713,159,1596130071,0,0,quiz,,,,6,,0,8,,100
3714,210,1596130093,0,0,quiz,,,,7,,0,2,,100
3715,211,1596130209,0,0,quiz,,,,6,,0,8,,100
3716,212,1596130636,0,0,quiz,,,,7,,0,2,,66
3717,213,1596132140,0,0,quiz,,,,7,,0,2,,100
3718,189,1596132215,0,0,quiz,,,,6,,0,8,,100
3719,189,1596132217,0,0,modifier,,,,6,,0,0,Wearing PPE,0
3720,216,1596132371,0,0,quiz,,,,6,,0,8,,100
3721,218,1596132388,0,0,quiz,,,,6,,0,8,,100
3722,194,1596132505,0,0,quiz,,,,7,,0,2,,100
3723,78,1596132517,0,0,quiz,,,,5,,0,5,,100
3724,188,1596132567,0,0,quiz,,,,6,,0,8,,100
3725,217,1596132804,0,0,quiz,,,,6,,0,8,,100
3726,219,1596133032,0,0,quiz,,,,5,,0,5,,100
3727,220,1596133066,0,0,quiz,,,,6,,0,8,,100
3728,222,1596133139,0,0,contact,,,,7,ebea9177-3a8c-4237-b37d-473be0333837,2176,0,,0
3729,222,1596133148,0,0,quiz,,,,7,,0,2,,100
3730,222,1596133152,0,0,modifier,,,,7,,0,0,Wearing PPE,0
3731,223,1596133197,0,0,quiz,,,,6,,0,8,,100
3732,222,1596133199,0,0,contact,,,,7,bacb2b8a-b737-4ea7-aeae-96c796ca3f79,45592,0,,0
3733,202,1596133233,0,0,contact,,,,7,bbf166ee-a36c-4ab8-b8a5-fa62e29432fb,110932,0,,0
3734,203,1596133235,0,0,contact,,,,7,bbf166ee-a36c-4ab8-b8a5-fa62e29432fb,98107,0,,0
3735,221,1596133289,0,0,quiz,,,,6,,0,8,,100
3736,224,1596133291,0,0,quiz,,,,5,,0,5,,100
3737,225,1596133330,0,0,quiz,,,,6,,0,8,,100
3738,226,1596133391,0,0,quiz,,,,6,,0,8,,100
3739,227,1596133432,0,0,quiz,,,,7,,0,2,,100
3740,227,1596133438,0,0,modifier,,,,7,,0,0,Wearing PPE,0
3741,227,1596133528,0,0,contact,,,,7,bab60078-a51b-4035-b33c-a2b3d2040406,119977,0,,0
3742,227,1596133571,0,0,contact,,,,7,bab60078-a51b-4035-b33c-a2b3d2040406,33838,0,,0
3743,228,1596133590,0,0,quiz,,,,6,,0,8,,100
3744,181,1596133601,0,0,contact,,,,7,4feb933c-f93a-429e-8ff4-8675a792dcff,192903,0,,0
3745,203,1596133693,0,0,contact,,,,7,bbf166ee-a36c-4ab8-b8a5-fa62e29432fb,35546,0,,0
3746,222,1596133724,0,0,contact,,,,7,ebea9177-3a8c-4237-b37d-473be0333837,67183,0,,0
3747,202,1596133727,0,0,contact,,,,7,ebea9177-3a8c-4237-b37d-473be0333837,72370,0,,0
3748,203,1596133971,0,0,contact,,,,7,bacb2b8a-b737-4ea7-aeae-96c796ca3f79,8408,0,,0
3749,229,1596133984,0,0,quiz,,,,7,,0,2,,100
3750,203,1596133993,0,0,contact,,,,7,bbf166ee-a36c-4ab8-b8a5-fa62e29432fb,31365,0,,0
3751,222,1596134024,0,0,contact,,,,7,ebea9177-3a8c-4237-b37d-473be0333837,63034,0,,0
3752,231,1596134046,0,0,quiz,,,,7,,0,2,,100
3753,203,1596134078,0,0,contact,,,,7,bbf166ee-a36c-4ab8-b8a5-fa62e29432fb,42975,0,,0
3754,203,1596134088,0,0,contact,,,,7,bacb2b8a-b737-4ea7-aeae-96c796ca3f79,50509,0,,0
3755,222,1596134109,0,0,contact,,,,7,ebea9177-3a8c-4237-b37d-473be0333837,73523,0,,0
3756,202,1596134119,0,0,contact,,,,7,ebea9177-3a8c-4237-b37d-473be0333837,157406,0,,0
3757,232,1596134596,0,0,quiz,,,,5,,0,5,,100
3758,233,1596134661,0,0,quiz,,,,5,,0,5,,100
3759,234,1596135051,0,0,quiz,,,,6,,0,8,,100
3760,94,1596135103,0,0,quiz,,,,5,,0,5,,100
3761,227,1596135380,0,0,contact,,,,7,bab60078-a51b-4035-b33c-a2b3d2040406,7502,0,,0
3762,181,1596135468,0,0,contact,,,,7,4feb933c-f93a-429e-8ff4-8675a792dcff,96274,0,,0
3763,237,1596135555,0,0,quiz,,,,6,,0,8,,100
3764,235,1596135579,0,0,quiz,,,,5,,0,5,,100
3765,238,1596135960,0,0,quiz,,,,5,,0,5,,66
3766,239,1596136233,0,0,quiz,,,,6,,0,8,,100
3767,240,1596136737,0,0,quiz,,,,6,,0,8,,100
3768,203,1596136782,0,0,contact,,,,7,bbf166ee-a36c-4ab8-b8a5-fa62e29432fb,29611,0,,0
3769,203,1596136842,0,0,contact,,,,7,bacb2b8a-b737-4ea7-aeae-96c796ca3f79,89597,0,,0
3770,241,1596136884,0,0,contact,,,,7,baa38cc5-3429-48a0-85fd-ec446941e434,40813,0,,0
3771,241,1596136889,0,0,quiz,,,,7,,0,2,,66
3772,241,1596136900,0,0,modifier,,,,7,,0,0,Wearing Mask,0
3773,242,1596136912,0,0,quiz,,,,7,,0,2,,100
3774,202,1596136927,0,0,contact,,,,7,ebea9177-3a8c-4237-b37d-473be0333837,179213,0,,0
3775,241,1596136964,0,0,contact,,,,7,baa38cc5-3429-48a0-85fd-ec446941e434,60848,0,,0
3776,203,1596136995,0,0,contact,,,,7,bacb2b8a-b737-4ea7-aeae-96c796ca3f79,51744,0,,0
3777,202,1596137191,0,0,contact,,,,7,ebea9177-3a8c-4237-b37d-473be0333837,249416,0,,0
3778,203,1596137261,0,0,contact,,,,7,bbf166ee-a36c-4ab8-b8a5-fa62e29432fb,1733,0,,0
3779,241,1596137272,0,0,contact,,,,7,baa38cc5-3429-48a0-85fd-ec446941e434,259564,0,,0
3780,203,1596137352,0,0,contact,,,,7,bacb2b8a-b737-4ea7-aeae-96c796ca3f79,124367,0,,0
3781,202,1596137382,0,0,contact,,,,7,ebea9177-3a8c-4237-b37d-473be0333837,155702,0,,0
3782,222,1596137452,0,0,contact,,,,7,ebea9177-3a8c-4237-b37d-473be0333837,704752,0,,0
3783,203,1596137520,0,0,contact,,,,7,bbf166ee-a36c-4ab8-b8a5-fa62e29432fb,64404,0,,0
3784,203,1596137532,0,0,contact,,,,7,bacb2b8a-b737-4ea7-aeae-96c796ca3f79,65939,0,,0
3785,202,1596137562,0,0,contact,,,,7,ebea9177-3a8c-4237-b37d-473be0333837,97713,0,,0
3786,222,1596137617,0,0,contact,,,,7,ebea9177-3a8c-4237-b37d-473be0333837,162323,0,,0
3787,203,1596137696,0,0,contact,,,,7,bbf166ee-a36c-4ab8-b8a5-fa62e29432fb,8087,0,,0
3788,203,1596137732,0,0,contact,,,,7,bacb2b8a-b737-4ea7-aeae-96c796ca3f79,29997,0,,0
3789,202,1596137762,0,0,contact,,,,7,ebea9177-3a8c-4237-b37d-473be0333837,61438,0,,0
3790,203,1596137866,0,0,contact,,,,7,bacb2b8a-b737-4ea7-aeae-96c796ca3f79,3823,0,,0
3791,177,1596137907,0,0,quiz,,,,5,,0,5,,66
3792,222,1596138002,0,0,contact,,,,7,ebea9177-3a8c-4237-b37d-473be0333837,316101,0,,0
3793,203,1596138035,0,0,contact,,,,7,bacb2b8a-b737-4ea7-aeae-96c796ca3f79,9792,0,,0
3794,243,1596138064,0,0,quiz,,,,7,,0,2,,100
3795,203,1596138151,0,0,contact,,,,7,bbf166ee-a36c-4ab8-b8a5-fa62e29432fb,64967,0,,0
3796,202,1596138191,0,0,contact,,,,7,ebea9177-3a8c-4237-b37d-473be0333837,330578,0,,0
3797,222,1596138259,0,0,contact,,,,7,ebea9177-3a8c-4237-b37d-473be0333837,172866,0,,0
3798,203,1596138859,0,0,contact,,,,7,bacb2b8a-b737-4ea7-aeae-96c796ca3f79,103799,0,,0
3799,222,1596138874,0,0,contact,,,,7,ebea9177-3a8c-4237-b37d-473be0333837,188496,0,,0
3800,202,1596138932,0,0,contact,,,,7,ebea9177-3a8c-4237-b37d-473be0333837,178159,0,,0
3802,202,1596139463,0,0,contact,,,,7,ebea9177-3a8c-4237-b37d-473be0333837,494122,0,,0
3803,246,1596139542,0,0,quiz,,,,7,,0,2,,100
3804,203,1596139598,0,0,contact,,,,7,bacb2b8a-b737-4ea7-aeae-96c796ca3f79,59239,0,,0
3805,202,1596139597,0,0,contact,,,,7,ebea9177-3a8c-4237-b37d-473be0333837,60136,0,,0
3806,203,1596139813,0,0,contact,,,,7,bacb2b8a-b737-4ea7-aeae-96c796ca3f79,51715,0,,0
3807,202,1596140139,0,0,contact,,,,7,ebea9177-3a8c-4237-b37d-473be0333837,378922,0,,0
3808,202,1596140381,0,0,contact,,,,7,ebea9177-3a8c-4237-b37d-473be0333837,229127,0,,0
3809,247,1596140466,0,0,quiz,,,,7,,0,2,,100
3810,241,1596141038,0,0,contact,,,,7,baa38cc5-3429-48a0-85fd-ec446941e434,103439,0,,0
3811,241,1596141077,0,0,contact,,,,7,baa38cc5-3429-48a0-85fd-ec446941e434,31610,0,,0
3812,241,1596141319,0,0,contact,,,,7,baa38cc5-3429-48a0-85fd-ec446941e434,241680,0,,0
3813,191,1596141459,0,0,quiz,,,,6,,0,8,,100
3814,248,1596141630,0,0,quiz,,,,6,,0,8,,100
3815,241,1596141740,0,0,contact,,,,7,baa38cc5-3429-48a0-85fd-ec446941e434,420662,0,,0
3816,203,1596141769,0,0,contact,,,,7,bacb2b8a-b737-4ea7-aeae-96c796ca3f79,16187,0,,0
3817,203,1596141796,0,0,contact,,,,7,bbf166ee-a36c-4ab8-b8a5-fa62e29432fb,41362,0,,0
3818,249,1596141840,0,0,quiz,,,,6,,0,8,,100
3819,202,1596141940,0,0,contact,,,,7,ebea9177-3a8c-4237-b37d-473be0333837,189584,0,,0
3820,222,1596142033,0,0,contact,,,,7,ebea9177-3a8c-4237-b37d-473be0333837,279000,0,,0
3821,203,1596142129,0,0,contact,,,,7,bbf166ee-a36c-4ab8-b8a5-fa62e29432fb,87711,0,,0
3822,203,1596142185,0,0,contact,,,,7,bbf166ee-a36c-4ab8-b8a5-fa62e29432fb,20877,0,,0
3823,222,1596142257,0,0,contact,,,,7,ebea9177-3a8c-4237-b37d-473be0333837,215988,0,,0
3824,119,1596142609,0,0,quiz,,,,6,,0,8,,66
3825,120,1596142708,0,0,quiz,,,,6,,0,8,,100
3826,251,1596143634,0,0,quiz,,,,7,,0,2,,100
3827,193,1596143655,0,0,quiz,,,,5,,0,5,,100
3828,253,1596146188,0,0,quiz,,,,7,,0,2,,100
3829,241,1596146543,0,0,contact,,,,7,baa38cc5-3429-48a0-85fd-ec446941e434,131103,0,,0
3831,241,1596146757,0,0,contact,,,,7,baa38cc5-3429-48a0-85fd-ec446941e434,4943,0,,0
3835,236,1596148054,0,0,quiz,,,,6,,0,8,,100
3836,236,1596148058,0,0,modifier,,,,6,,0,0,Wearing PPE,0
3837,254,1596149000,0,0,quiz,,,,7,,0,2,,100
3900,255,1596151124,0,0,quiz,,,,7,,0,2,,100
3925,257,1596153046,0,0,quiz,,,,7,,0,2,,100
3928,145,1596153294,0,0,infection,CASE0[0],,,6,,0,0,,0
3943,203,1596154532,0,0,contact,,,,7,bbf166ee-a36c-4ab8-b8a5-fa62e29432fb,3260,0,,0
3944,203,1596154535,0,0,contact,,,,7,bbf166ee-a36c-4ab8-b8a5-fa62e29432fb,1128,0,,0
3946,203,1596154574,0,0,contact,,,,7,bbf166ee-a36c-4ab8-b8a5-fa62e29432fb,37687,0,,0
3947,222,1596154605,0,0,contact,,,,7,ebea9177-3a8c-4237-b37d-473be0333837,132136,0,,0
3948,203,1596154620,0,0,contact,,,,7,bbf166ee-a36c-4ab8-b8a5-fa62e29432fb,6413,0,,0
3949,203,1596154620,0,0,contact,,,,7,bacb2b8a-b737-4ea7-aeae-96c796ca3f79,7475,0,,0
3951,203,1596154677,0,0,contact,,,,7,bbf166ee-a36c-4ab8-b8a5-fa62e29432fb,7991,0,,0
3953,222,1596154796,0,0,contact,,,,7,ebea9177-3a8c-4237-b37d-473be0333837,183112,0,,0
3954,203,1596154802,0,0,contact,,,,7,bbf166ee-a36c-4ab8-b8a5-fa62e29432fb,89409,0,,0
3955,203,1596154804,0,0,contact,,,,7,bbf166ee-a36c-4ab8-b8a5-fa62e29432fb,1254,0,,0
3956,203,1596154813,0,0,contact,,,,7,bbf166ee-a36c-4ab8-b8a5-fa62e29432fb,2048,0,,0
3957,203,1596154802,0,0,contact,,,,7,bbf166ee-a36c-4ab8-b8a5-fa62e29432fb,89409,0,,0
3959,203,1596154819,0,0,contact,,,,7,bbf166ee-a36c-4ab8-b8a5-fa62e29432fb,5368,0,,0
3960,203,1596154850,0,0,contact,,,,7,bbf166ee-a36c-4ab8-b8a5-fa62e29432fb,7278,0,,0
3961,181,1596154857,0,0,contact,,,,7,4feb933c-f93a-429e-8ff4-8675a792dcff,65214,0,,0
3962,203,1596154862,0,0,contact,,,,7,bbf166ee-a36c-4ab8-b8a5-fa62e29432fb,10570,0,,0
3963,227,1596154888,0,0,contact,,,,7,bab60078-a51b-4035-b33c-a2b3d2040406,95660,0,,0
3966,203,1596154900,0,0,contact,,,,7,bbf166ee-a36c-4ab8-b8a5-fa62e29432fb,37239,0,,0
3968,203,1596155009,0,0,contact,,,,7,bbf166ee-a36c-4ab8-b8a5-fa62e29432fb,106461,0,,0
3971,203,1596155094,0,0,contact,,,,7,bbf166ee-a36c-4ab8-b8a5-fa62e29432fb,82372,0,,0
3973,203,1596155132,0,0,contact,,,,7,bbf166ee-a36c-4ab8-b8a5-fa62e29432fb,27147,0,,0
3974,203,1596155146,0,0,contact,,,,7,bbf166ee-a36c-4ab8-b8a5-fa62e29432fb,10232,0,,0
3975,203,1596155152,0,0,contact,,,,7,bacb2b8a-b737-4ea7-aeae-96c796ca3f79,10675,0,,0
3976,202,1596155231,0,0,contact,,,,7,ebea9177-3a8c-4237-b37d-473be0333837,620125,0,,0
3977,203,1596155307,0,0,contact,,,,7,bbf166ee-a36c-4ab8-b8a5-fa62e29432fb,6159,0,,0
3978,203,1596155345,0,0,contact,,,,7,bacb2b8a-b737-4ea7-aeae-96c796ca3f79,8284,0,,0
3980,222,1596155481,0,0,contact,,,,7,ebea9177-3a8c-4237-b37d-473be0333837,180949,0,,0
3982,202,1596155479,0,0,contact,,,,7,ebea9177-3a8c-4237-b37d-473be0333837,145625,0,,0
3983,203,1596155505,0,0,contact,,,,7,bbf166ee-a36c-4ab8-b8a5-fa62e29432fb,4986,0,,0
3984,203,1596155514,0,0,contact,,,,7,bacb2b8a-b737-4ea7-aeae-96c796ca3f79,5681,0,,0
3987,222,1596156169,0,0,contact,,,,7,ebea9177-3a8c-4237-b37d-473be0333837,670625,0,,0
3988,203,1596156175,0,0,contact,,,,7,bbf166ee-a36c-4ab8-b8a5-fa62e29432fb,13381,0,,0
3993,203,1596156539,0,0,contact,,,,7,bbf166ee-a36c-4ab8-b8a5-fa62e29432fb,2362,0,,0
3994,259,1596156543,0,0,quiz,,,,6,,0,8,,100
3997,141,1596157187,0,0,quiz,,,,6,,0,8,,100
3998,202,1596158384,0,0,contact,,,,7,ebea9177-3a8c-4237-b37d-473be0333837,2878759,0,,0
4020,203,1596159351,0,0,falsePositive,,+,,7,,0,0,,0
4025,241,1596159486,0,0,contact,,,,7,baa38cc5-3429-48a0-85fd-ec446941e434,14331,0,,0
4038,241,1596159845,0,0,contact,,,,7,baa38cc5-3429-48a0-85fd-ec446941e434,119001,0,,0
4040,103,1596159878,0,0,quiz,,,,7,,0,2,,66
4062,203,1596160343,0,0,contact,,,,7,bbf166ee-a36c-4ab8-b8a5-fa62e29432fb,6399,0,,0
4063,203,1596160350,0,0,contact,,,,7,bacb2b8a-b737-4ea7-aeae-96c796ca3f79,12998,0,,0
4067,202,1596160458,0,0,contact,,,,7,ebea9177-3a8c-4237-b37d-473be0333837,123590,0,,0
4068,222,1596160505,0,0,contact,,,,7,ebea9177-3a8c-4237-b37d-473be0333837,170024,0,,0
4070,202,1596160860,0,0,contact,,,,7,ebea9177-3a8c-4237-b37d-473be0333837,172680,0,,0
4071,97,1596161184,0,0,quiz,,,,7,,0,2,,66
4072,261,1596161559,0,0,quiz,,,,5,,0,5,,100
4073,241,1596161685,0,0,contact,,,,7,baa38cc5-3429-48a0-85fd-ec446941e434,13541,0,,0
4074,241,1596161795,0,0,contact,,,,7,baa38cc5-3429-48a0-85fd-ec446941e434,107194,0,,0
4075,241,1596161863,0,0,contact,,,,7,baa38cc5-3429-48a0-85fd-ec446941e434,67601,0,,0
4076,241,1596161882,0,0,contact,,,,7,baa38cc5-3429-48a0-85fd-ec446941e434,18915,0,,0
4077,241,1596162124,0,0,contact,,,,7,baa38cc5-3429-48a0-85fd-ec446941e434,181467,0,,0
4078,241,1596162206,0,0,contact,,,,7,baa38cc5-3429-48a0-85fd-ec446941e434,81979,0,,0
4079,203,1596162622,0,0,contact,,,,7,bbf166ee-a36c-4ab8-b8a5-fa62e29432fb,1367,0,,0
4080,203,1596162618,0,0,contact,,,,7,bacb2b8a-b737-4ea7-aeae-96c796ca3f79,7047,0,,0
4081,203,1596162620,0,0,contact,,,,7,bbf166ee-a36c-4ab8-b8a5-fa62e29432fb,11150,0,,0
4082,241,1596162649,0,0,contact,,,,7,baa38cc5-3429-48a0-85fd-ec446941e434,37081,0,,0
4083,203,1596162677,0,0,contact,,,,7,bbf166ee-a36c-4ab8-b8a5-fa62e29432fb,36720,0,,0
4084,222,1596162708,0,0,contact,,,,7,ebea9177-3a8c-4237-b37d-473be0333837,99820,0,,0
4085,202,1596162733,0,0,contact,,,,7,ebea9177-3a8c-4237-b37d-473be0333837,123388,0,,0
4086,203,1596162751,0,0,contact,,,,7,bbf166ee-a36c-4ab8-b8a5-fa62e29432fb,17999,0,,0
4087,203,1596162783,0,0,contact,,,,7,bacb2b8a-b737-4ea7-aeae-96c796ca3f79,41632,0,,0
4088,203,1596162818,0,0,contact,,,,7,bbf166ee-a36c-4ab8-b8a5-fa62e29432fb,45226,0,,0
4089,202,1596162858,0,0,contact,,,,7,ebea9177-3a8c-4237-b37d-473be0333837,117703,0,,0
4090,222,1596162859,0,0,contact,,,,7,ebea9177-3a8c-4237-b37d-473be0333837,125572,0,,0
4091,203,1596162900,0,0,contact,,,,7,bbf166ee-a36c-4ab8-b8a5-fa62e29432fb,35828,0,,0
4092,241,1596162966,0,0,contact,,,,7,baa38cc5-3429-48a0-85fd-ec446941e434,35979,0,,0
4093,203,1596163002,0,0,contact,,,,7,bacb2b8a-b737-4ea7-aeae-96c796ca3f79,31355,0,,0
4094,203,1596163010,0,0,contact,,,,7,bbf166ee-a36c-4ab8-b8a5-fa62e29432fb,39375,0,,0
4095,222,1596163040,0,0,contact,,,,7,ebea9177-3a8c-4237-b37d-473be0333837,177082,0,,0
4096,203,1596163046,0,0,contact,,,,7,bbf166ee-a36c-4ab8-b8a5-fa62e29432fb,30920,0,,0
4097,241,1596163070,0,0,contact,,,,7,baa38cc5-3429-48a0-85fd-ec446941e434,4879,0,,0
4098,241,1596163103,0,0,contact,,,,7,baa38cc5-3429-48a0-85fd-ec446941e434,30779,0,,0
4099,202,1596163104,0,0,contact,,,,7,ebea9177-3a8c-4237-b37d-473be0333837,134601,0,,0
4100,203,1596163150,0,0,contact,,,,7,bacb2b8a-b737-4ea7-aeae-96c796ca3f79,31483,0,,0
4101,203,1596163150,0,0,contact,,,,7,bbf166ee-a36c-4ab8-b8a5-fa62e29432fb,33664,0,,0
4102,202,1596163179,0,0,contact,,,,7,ebea9177-3a8c-4237-b37d-473be0333837,62095,0,,0
4103,222,1596163180,0,0,contact,,,,7,ebea9177-3a8c-4237-b37d-473be0333837,64205,0,,0
4104,203,1596163240,0,0,contact,,,,7,bbf166ee-a36c-4ab8-b8a5-fa62e29432fb,43009,0,,0
4105,222,1596163271,0,0,contact,,,,7,ebea9177-3a8c-4237-b37d-473be0333837,77816,0,,0
4106,241,1596163290,0,0,contact,,,,7,baa38cc5-3429-48a0-85fd-ec446941e434,37000,0,,0
4107,203,1596163297,0,0,contact,,,,7,bacb2b8a-b737-4ea7-aeae-96c796ca3f79,39345,0,,0
4108,241,1596163328,0,0,contact,,,,7,baa38cc5-3429-48a0-85fd-ec446941e434,37578,0,,0
4109,203,1596163337,0,0,contact,,,,7,bbf166ee-a36c-4ab8-b8a5-fa62e29432fb,38552,0,,0
4110,203,1596163412,0,0,contact,,,,7,bbf166ee-a36c-4ab8-b8a5-fa62e29432fb,65271,0,,0
4111,202,1596163411,0,0,contact,,,,7,ebea9177-3a8c-4237-b37d-473be0333837,155261,0,,0
4112,203,1596163447,0,0,contact,,,,7,bbf166ee-a36c-4ab8-b8a5-fa62e29432fb,31467,0,,0
4113,222,1596163477,0,0,contact,,,,7,ebea9177-3a8c-4237-b37d-473be0333837,179490,0,,0
4114,203,1596163599,0,0,contact,,,,7,bbf166ee-a36c-4ab8-b8a5-fa62e29432fb,44993,0,,0
4115,222,1596163620,0,0,contact,,,,7,ebea9177-3a8c-4237-b37d-473be0333837,66516,0,,0
4116,241,1596163765,0,0,contact,,,,7,baa38cc5-3429-48a0-85fd-ec446941e434,6768,0,,0
4117,203,1596163787,0,0,contact,,,,7,bbf166ee-a36c-4ab8-b8a5-fa62e29432fb,8248,0,,0
4118,241,1596163806,0,0,contact,,,,7,baa38cc5-3429-48a0-85fd-ec446941e434,25195,0,,0
4119,203,1596163816,0,0,contact,,,,7,bbf166ee-a36c-4ab8-b8a5-fa62e29432fb,26327,0,,0
4120,203,1596163906,0,0,contact,,,,7,bbf166ee-a36c-4ab8-b8a5-fa62e29432fb,2595,0,,0
4121,203,1596163936,0,0,contact,,,,7,bbf166ee-a36c-4ab8-b8a5-fa62e29432fb,22312,0,,0
4122,203,1596163940,0,0,contact,,,,7,bbf166ee-a36c-4ab8-b8a5-fa62e29432fb,1226,0,,0
4123,222,1596164004,0,0,contact,,,,7,ebea9177-3a8c-4237-b37d-473be0333837,226089,0,,0
4124,203,1596164144,0,0,contact,,,,7,bbf166ee-a36c-4ab8-b8a5-fa62e29432fb,25381,0,,0
4125,222,1596164210,0,0,contact,,,,7,ebea9177-3a8c-4237-b37d-473be0333837,91327,0,,0
4126,241,1596164530,0,0,contact,,,,7,baa38cc5-3429-48a0-85fd-ec446941e434,122921,0,,0
4127,241,1596164609,0,0,contact,,,,7,baa38cc5-3429-48a0-85fd-ec446941e434,77887,0,,0
4128,241,1596164701,0,0,contact,,,,7,baa38cc5-3429-48a0-85fd-ec446941e434,85160,0,,0
4129,203,1596165181,0,0,contact,,,,7,bbf166ee-a36c-4ab8-b8a5-fa62e29432fb,1025,0,,0
4130,241,1596165204,0,0,contact,,,,7,baa38cc5-3429-48a0-85fd-ec446941e434,36105,0,,0
4131,241,1596165261,0,0,contact,,,,7,baa38cc5-3429-48a0-85fd-ec446941e434,20816,0,,0
4132,241,1596165302,0,0,contact,,,,7,baa38cc5-3429-48a0-85fd-ec446941e434,4748,0,,0
4133,241,1596165495,0,0,contact,,,,7,baa38cc5-3429-48a0-85fd-ec446941e434,59124,0,,0
4134,241,1596165657,0,0,contact,,,,7,baa38cc5-3429-48a0-85fd-ec446941e434,162049,0,,0
4135,222,1596165661,0,0,contact,,,,7,ebea9177-3a8c-4237-b37d-473be0333837,481837,0,,0
4136,241,1596165774,0,0,contact,,,,7,baa38cc5-3429-48a0-85fd-ec446941e434,116633,0,,0
4137,241,1596165833,0,0,contact,,,,7,baa38cc5-3429-48a0-85fd-ec446941e434,59212,0,,0
4138,241,1596165919,0,0,contact,,,,7,baa38cc5-3429-48a0-85fd-ec446941e434,85248,0,,0
4139,241,1596165962,0,0,contact,,,,7,baa38cc5-3429-48a0-85fd-ec446941e434,42579,0,,0
4140,241,1596166101,0,0,contact,,,,7,baa38cc5-3429-48a0-85fd-ec446941e434,137566,0,,0
4141,241,1596166161,0,0,contact,,,,7,baa38cc5-3429-48a0-85fd-ec446941e434,60230,0,,0
4142,241,1596166289,0,0,contact,,,,7,baa38cc5-3429-48a0-85fd-ec446941e434,127395,0,,0
4143,241,1596166337,0,0,contact,,,,7,baa38cc5-3429-48a0-85fd-ec446941e434,47741,0,,0
4144,241,1596166374,0,0,contact,,,,7,baa38cc5-3429-48a0-85fd-ec446941e434,36158,0,,0
4145,241,1596166418,0,0,contact,,,,7,baa38cc5-3429-48a0-85fd-ec446941e434,43201,0,,0
4146,241,1596166462,0,0,contact,,,,7,baa38cc5-3429-48a0-85fd-ec446941e434,44818,0,,0
4147,241,1596166512,0,0,contact,,,,7,baa38cc5-3429-48a0-85fd-ec446941e434,49309,0,,0
4148,241,1596166597,0,0,contact,,,,7,baa38cc5-3429-48a0-85fd-ec446941e434,85117,0,,0
4149,241,1596166643,0,0,contact,,,,7,baa38cc5-3429-48a0-85fd-ec446941e434,45379,0,,0
4150,241,1596166826,0,0,contact,,,,7,baa38cc5-3429-48a0-85fd-ec446941e434,178319,0,,0
4151,241,1596166874,0,0,contact,,,,7,baa38cc5-3429-48a0-85fd-ec446941e434,47441,0,,0
4152,241,1596167437,0,0,contact,,,,7,baa38cc5-3429-48a0-85fd-ec446941e434,558042,0,,0
4153,241,1596167510,0,0,contact,,,,7,baa38cc5-3429-48a0-85fd-ec446941e434,71945,0,,0
4154,241,1596167553,0,0,contact,,,,7,baa38cc5-3429-48a0-85fd-ec446941e434,37879,0,,0
4427,102,1596221578,0,0,quiz,,,,7,,0,2,,100
4155,241,1596167641,0,0,contact,,,,7,baa38cc5-3429-48a0-85fd-ec446941e434,87471,0,,0
4156,241,1596167681,0,0,contact,,,,7,baa38cc5-3429-48a0-85fd-ec446941e434,38621,0,,0
4157,241,1596167696,0,0,contact,,,,7,baa38cc5-3429-48a0-85fd-ec446941e434,5134,0,,0
4158,241,1596167771,0,0,contact,,,,7,baa38cc5-3429-48a0-85fd-ec446941e434,70115,0,,0
4159,241,1596167816,0,0,contact,,,,7,baa38cc5-3429-48a0-85fd-ec446941e434,15378,0,,0
4160,241,1596167831,0,0,contact,,,,7,baa38cc5-3429-48a0-85fd-ec446941e434,4939,0,,0
4161,203,1596167985,0,0,contact,,,,7,bbf166ee-a36c-4ab8-b8a5-fa62e29432fb,6831,0,,0
4162,203,1596167997,0,0,contact,,,,7,bbf166ee-a36c-4ab8-b8a5-fa62e29432fb,1229,0,,0
4163,203,1596168006,0,0,contact,,,,7,bbf166ee-a36c-4ab8-b8a5-fa62e29432fb,7928,0,,0
4164,241,1596168288,0,0,contact,,,,7,baa38cc5-3429-48a0-85fd-ec446941e434,446758,0,,0
4165,222,1596168295,0,0,contact,,,,7,ebea9177-3a8c-4237-b37d-473be0333837,316508,0,,0
4166,241,1596168357,0,0,contact,,,,7,baa38cc5-3429-48a0-85fd-ec446941e434,68956,0,,0
4167,241,1596168362,0,0,contact,,,,7,baa38cc5-3429-48a0-85fd-ec446941e434,4355,0,,0
4168,241,1596168370,0,0,contact,,,,7,baa38cc5-3429-48a0-85fd-ec446941e434,5724,0,,0
4169,241,1596168719,0,0,contact,,,,7,baa38cc5-3429-48a0-85fd-ec446941e434,345458,0,,0
4170,203,1596168975,0,0,contact,,,,7,bbf166ee-a36c-4ab8-b8a5-fa62e29432fb,2517,0,,0
4171,203,1596169759,0,0,contact,,,,7,bbf166ee-a36c-4ab8-b8a5-fa62e29432fb,4509,0,,0
4172,144,1596170029,0,0,quiz,,,,7,,0,2,,100
4173,222,1596170094,0,0,contact,,,,7,ebea9177-3a8c-4237-b37d-473be0333837,339808,0,,0
4174,203,1596170305,0,0,contact,,,,7,bbf166ee-a36c-4ab8-b8a5-fa62e29432fb,8005,0,,0
4175,241,1596171420,0,0,contact,,,,7,baa38cc5-3429-48a0-85fd-ec446941e434,278026,0,,0
4176,222,1596171568,0,0,contact,,,,7,ebea9177-3a8c-4237-b37d-473be0333837,1276308,0,,0
4177,203,1596171621,0,0,contact,,,,7,bbf166ee-a36c-4ab8-b8a5-fa62e29432fb,29609,0,,0
4178,222,1596171779,0,0,contact,,,,7,ebea9177-3a8c-4237-b37d-473be0333837,188008,0,,0
4179,203,1596171809,0,0,contact,,,,7,bbf166ee-a36c-4ab8-b8a5-fa62e29432fb,17408,0,,0
4180,222,1596174288,0,0,contact,,,,7,ebea9177-3a8c-4237-b37d-473be0333837,2496892,0,,0
4181,203,1596174672,0,0,contact,,,,7,bbf166ee-a36c-4ab8-b8a5-fa62e29432fb,256873,0,,0
4182,222,1596174783,0,0,contact,,,,7,ebea9177-3a8c-4237-b37d-473be0333837,367825,0,,0
4183,203,1596174867,0,0,contact,,,,7,bbf166ee-a36c-4ab8-b8a5-fa62e29432fb,33301,0,,0
4184,222,1596175108,0,0,contact,,,,7,ebea9177-3a8c-4237-b37d-473be0333837,274118,0,,0
4185,203,1596175432,0,0,contact,,,,7,bbf166ee-a36c-4ab8-b8a5-fa62e29432fb,214539,0,,0
4186,222,1596175473,0,0,contact,,,,7,ebea9177-3a8c-4237-b37d-473be0333837,255434,0,,0
4187,203,1596175579,0,0,contact,,,,7,bbf166ee-a36c-4ab8-b8a5-fa62e29432fb,87835,0,,0
4188,222,1596175812,0,0,contact,,,,7,ebea9177-3a8c-4237-b37d-473be0333837,321109,0,,0
4189,146,1596176758,0,0,quiz,,,,5,,0,5,,66
4428,193,1596221578,0,0,quiz,,,,5,,0,3,,66
4322,181,1596201025,0,0,contact,,,,7,4feb933c-f93a-429e-8ff4-8675a792dcff,18674,0,,0
4323,227,1596201104,0,0,contact,,,,7,bab60078-a51b-4035-b33c-a2b3d2040406,98693,0,,0
4332,83,1596203998,0,0,falsePositive,,+,,7,,0,0,,0
4333,192,1596204038,0,0,infection,CASE0[0],,,7,,0,0,,0
4334,263,1596204136,0,0,quiz,,,,7,,0,2,,100
4335,263,1596204140,0,0,modifier,,,,7,,0,0,Wearing PPE,0
4336,263,1596204168,0,0,contact,,,,7,bacb2b8a-b737-4ea7-aeae-96c796ca3f79,69427,0,,0
4337,263,1596204218,0,0,contact,,,,7,bacb2b8a-b737-4ea7-aeae-96c796ca3f79,49565,0,,0
4338,202,1596204247,0,0,contact,,,,7,fed7ad19-ff07-4f45-84cb-0592761dac64,149869,0,,0
4343,264,1596206324,0,0,quiz,,,,7,,0,2,,100
4344,230,1596206770,0,0,quiz,,,,6,,0,8,,66
4345,230,1596206779,0,0,modifier,,,,6,,0,0,Wearing Mask,0
4346,227,1596207554,0,0,contact,,,,7,bab60078-a51b-4035-b33c-a2b3d2040406,20012,0,,0
4347,100,1596207616,0,0,quiz,,,,6,,0,8,,100
4348,181,1596207644,0,0,contact,,,,7,4feb933c-f93a-429e-8ff4-8675a792dcff,109086,0,,0
4349,264,1596208295,0,0,falsePositive,,positive,,7,,0,0,,0
4350,241,1596209393,0,0,contact,,,,7,baa38cc5-3429-48a0-85fd-ec446941e434,61555,0,,0
4351,241,1596209426,0,0,contact,,,,7,baa38cc5-3429-48a0-85fd-ec446941e434,22463,0,,0
4352,241,1596209449,0,0,contact,,,,7,baa38cc5-3429-48a0-85fd-ec446941e434,9541,0,,0
4353,241,1596209532,0,0,contact,,,,7,baa38cc5-3429-48a0-85fd-ec446941e434,3657,0,,0
4354,241,1596209565,0,0,contact,,,,7,baa38cc5-3429-48a0-85fd-ec446941e434,26356,0,,0
4355,241,1596209612,0,0,contact,,,,7,baa38cc5-3429-48a0-85fd-ec446941e434,29867,0,,0
4356,241,1596209633,0,0,contact,,,,7,baa38cc5-3429-48a0-85fd-ec446941e434,10246,0,,0
4357,241,1596209712,0,0,contact,,,,7,baa38cc5-3429-48a0-85fd-ec446941e434,14826,0,,0
4358,241,1596209798,0,0,contact,,,,7,baa38cc5-3429-48a0-85fd-ec446941e434,4763,0,,0
4361,106,1596211230,0,0,quiz,,,,6,,0,8,,66
4362,265,1596211270,0,0,quiz,,,,7,,0,2,,0
4363,88,1596211308,0,0,quiz,,,,7,,0,2,,100
4364,265,1596211328,0,0,contact,,,,7,e66d7ce7-d450-435d-af4f-1641b5a946bc,75566,0,,0
4365,265,1596211362,0,0,contact,,,,7,e66d7ce7-d450-435d-af4f-1641b5a946bc,33053,0,,0
4366,88,1596211761,0,0,contact,,,,7,974bf533-30f3-4f92-bb1f-7e9bdfeef8ae,175217,0,,0
4367,88,1596211428,0,0,contact,,,,7,974bf533-30f3-4f92-bb1f-7e9bdfeef8ae,173550,0,,0
4368,179,1596211900,0,0,quiz,,,,5,,0,5,,100
4369,266,1596212134,0,0,quiz,,,,6,,0,8,,66
4370,166,1596212486,0,0,quiz,,,,7,,0,2,,100
4371,267,1596212993,0,0,quiz,,,,5,,0,5,,100
4372,265,1596212915,0,0,contact,,,,7,194a6a33-be7a-4c5e-b036-6e6d9fc80809,465595,0,,0
4373,140,1596213338,0,0,quiz,,,,6,,0,8,,100
4374,145,1596213345,0,0,contact,,,,6,4ac14b7f-3be1-47a8-9158-4f1f9a4bc86c,25828,0,,0
4375,145,1596213400,0,0,contact,,,,6,4ac14b7f-3be1-47a8-9158-4f1f9a4bc86c,24652,0,,0
4376,145,1596213443,0,0,contact,,,,6,e33119b4-a5e1-4dce-bade-e997e7b3d634,127248,0,,0
4377,182,1596213522,0,0,contact,,,,6,4d1fa7be-718f-4047-92af-6babb0bf19cc,191320,0,,0
4378,145,1596213529,0,0,contact,,,,6,4d1fa7be-718f-4047-92af-6babb0bf19cc,202499,0,,0
4379,268,1596213714,0,0,quiz,,,,5,,0,5,,100
4380,147,1596213737,0,0,quiz,,,,7,,0,2,,100
4381,269,1596214672,0,0,quiz,,,,5,,0,5,,100
4382,270,1596214842,0,0,quiz,,,,5,,0,5,,100
4383,140,1596215439,0,0,contact,,,,6,4ac14b7f-3be1-47a8-9158-4f1f9a4bc86c,165116,0,,0
4384,145,1596215459,0,0,contact,,,,6,e33119b4-a5e1-4dce-bade-e997e7b3d634,188156,0,,0
4385,271,1596215826,0,0,quiz,,,,7,,0,2,,100
4386,140,1596215854,0,0,contact,,,,6,4ac14b7f-3be1-47a8-9158-4f1f9a4bc86c,165171,0,,0
4387,203,1596215871,0,0,quiz,,,,7,,0,2,,100
4388,203,1596215875,0,0,modifier,,,,7,,0,0,Wearing PPE,0
4389,167,1596216158,0,0,outcome,,,ESCAPED,7,,0,0,,0
4390,145,1596216189,0,0,contact,,,,6,e33119b4-a5e1-4dce-bade-e997e7b3d634,688447,0,,0
4391,145,1596216249,0,0,contact,,,,6,e33119b4-a5e1-4dce-bade-e997e7b3d634,53795,0,,0
4392,145,1596216399,0,0,contact,,,,6,e33119b4-a5e1-4dce-bade-e997e7b3d634,135269,0,,0
4393,145,1596216500,0,0,contact,,,,6,e33119b4-a5e1-4dce-bade-e997e7b3d634,95901,0,,0
4394,145,1596216743,0,0,contact,,,,6,e33119b4-a5e1-4dce-bade-e997e7b3d634,27461,0,,0
4395,181,1596216749,0,0,contact,,,,7,bacb2b8a-b737-4ea7-aeae-96c796ca3f79,5410,0,,0
4396,145,1596216829,0,0,contact,,,,6,e33119b4-a5e1-4dce-bade-e997e7b3d634,23612,0,,0
4397,202,1596216847,0,0,contact,,,,7,bab60078-a51b-4035-b33c-a2b3d2040406,104970,0,,0
4398,203,1596217100,0,0,contact,,,,7,bbf166ee-a36c-4ab8-b8a5-fa62e29432fb,44725,0,,0
4399,222,1596217136,0,0,contact,,,,7,ebea9177-3a8c-4237-b37d-473be0333837,81866,0,,0
4400,203,1596217144,0,0,contact,,,,7,bbf166ee-a36c-4ab8-b8a5-fa62e29432fb,4587,0,,0
4401,140,1596217294,0,0,outcome,,,ESCAPED,6,,0,0,,0
4402,222,1596217378,0,0,contact,,,,7,ebea9177-3a8c-4237-b37d-473be0333837,238751,0,,0
4403,145,1596217398,0,0,contact,,,,6,e33119b4-a5e1-4dce-bade-e997e7b3d634,67083,0,,0
4404,145,1596217511,0,0,contact,,,,6,4d1fa7be-718f-4047-92af-6babb0bf19cc,172065,0,,0
4405,203,1596218161,0,0,contact,,,,7,bbf166ee-a36c-4ab8-b8a5-fa62e29432fb,32116,0,,0
4406,222,1596218192,0,0,contact,,,,7,ebea9177-3a8c-4237-b37d-473be0333837,63904,0,,0
4407,203,1596218220,0,0,contact,,,,7,bbf166ee-a36c-4ab8-b8a5-fa62e29432fb,24351,0,,0
4408,222,1596218703,0,0,contact,,,,7,ebea9177-3a8c-4237-b37d-473be0333837,508084,0,,0
4409,272,1596218967,0,0,quiz,,,,6,,0,8,,100
4410,145,1596219059,0,0,contact,,,,6,4ac14b7f-3be1-47a8-9158-4f1f9a4bc86c,121329,0,,0
4411,145,1596219081,0,0,contact,,,,6,e33119b4-a5e1-4dce-bade-e997e7b3d634,153190,0,,0
4412,203,1596219374,0,0,contact,,,,7,bbf166ee-a36c-4ab8-b8a5-fa62e29432fb,25404,0,,0
4413,222,1596219489,0,0,contact,,,,7,ebea9177-3a8c-4237-b37d-473be0333837,141572,0,,0
4414,203,1596219783,0,0,contact,,,,7,bbf166ee-a36c-4ab8-b8a5-fa62e29432fb,73665,0,,0
4415,222,1596219784,0,0,contact,,,,7,ebea9177-3a8c-4237-b37d-473be0333837,75499,0,,0
4416,203,1596219886,0,0,contact,,,,7,bbf166ee-a36c-4ab8-b8a5-fa62e29432fb,70432,0,,0
4417,222,1596219947,0,0,contact,,,,7,ebea9177-3a8c-4237-b37d-473be0333837,131881,0,,0
4418,203,1596220170,0,0,contact,,,,7,bbf166ee-a36c-4ab8-b8a5-fa62e29432fb,48169,0,,0
4419,222,1596220274,0,0,contact,,,,7,ebea9177-3a8c-4237-b37d-473be0333837,153599,0,,0
4420,182,1596220893,0,0,infection,PEER[15e7bdae-aaa2-44d7-9460-deabf01be3f5:0],,,6,,0,0,,0
4421,210,1596221553,0,0,quiz,,,,7,,0,4,,33
4422,156,1596221567,0,0,quiz,,,,7,,0,2,,100
4423,80,1596221568,0,0,quiz,,,,7,,0,4,,100
4424,105,1596221570,0,0,quiz,,,,7,,0,4,,66
4425,129,1596221572,0,0,quiz,,,,7,,0,4,,100
4426,167,1596221572,0,0,quiz,,,,7,,0,4,,66
4429,127,1596221579,0,0,quiz,,,,7,,0,4,,100
4430,265,1596221579,0,0,quiz,,,,7,,0,4,,66
4431,265,1596221586,0,0,modifier,,,,7,,0,0,Wearing Mask,0
4432,271,1596221595,0,0,quiz,,,,7,,0,4,,100
4433,130,1596221599,0,0,quiz,,,,6,,0,8,,66
4434,126,1596221600,0,0,quiz,,,,7,,0,4,,100
4435,140,1596221605,0,0,quiz,,,,6,,0,9,,100
4436,88,1596221605,0,0,quiz,,,,7,,0,4,,100
4437,233,1596221607,0,0,quiz,,,,5,,0,3,,33
4438,107,1596221615,0,0,quiz,,,,7,,0,2,,100
4439,266,1596221617,0,0,quiz,,,,6,,0,9,,66
4440,102,1596221619,0,0,quiz,,,,7,,0,4,,100
4441,177,1596221623,0,0,quiz,,,,5,,0,3,,33
4442,218,1596221626,0,0,quiz,,,,6,,0,9,,66
4443,135,1596221628,0,0,quiz,,,,7,,0,4,,100
4444,179,1596221630,0,0,quiz,,,,5,,0,3,,100
4445,216,1596221630,0,0,quiz,,,,6,,0,9,,33
4446,122,1596221632,0,0,quiz,,,,7,,0,4,,100
4447,95,1596221632,0,0,quiz,,,,7,,0,4,,100
4448,245,1596221636,0,0,quiz,,,,7,,0,2,,100
4449,178,1596221637,0,0,quiz,,,,5,,0,3,,100
4450,130,1596221643,0,0,quiz,,,,6,,0,9,,33
4451,175,1596221645,0,0,quiz,,,,5,,0,3,,100
4452,108,1596221645,0,0,quiz,,,,7,,0,4,,100
4453,251,1596221646,0,0,quiz,,,,7,,0,4,,100
4454,206,1596221649,0,0,quiz,,,,7,,0,4,,100
4455,189,1596221652,0,0,quiz,,,,6,,0,9,,100
4456,232,1596221654,0,0,quiz,,,,5,,0,3,,66
4457,189,1596221655,0,0,modifier,,,,6,,0,0,Wearing PPE,0
4458,190,1596221658,0,0,quiz,,,,6,,0,9,,100
4459,269,1596221662,0,0,quiz,,,,5,,0,3,,100
4460,138,1596221662,0,0,quiz,,,,6,,0,9,,100
4461,202,1596221664,0,0,quiz,,,,7,,0,4,,100
4462,213,1596221669,0,0,quiz,,,,7,,0,4,,66
4463,270,1596221669,0,0,quiz,,,,5,,0,3,,100
4464,245,1596221671,0,0,quiz,,,,7,,0,4,,100
4465,156,1596221677,0,0,quiz,,,,7,,0,4,,66
4466,166,1596221686,0,0,quiz,,,,7,,0,4,,100
4467,202,1596221686,0,0,modifier,,,,7,,0,0,Wearing PPE,0
4468,116,1596221689,0,0,quiz,,,,7,,0,4,,33
4469,254,1596221717,0,0,quiz,,,,7,,0,4,,100
4470,205,1596221718,0,0,quiz,,,,7,,0,2,,66
4471,205,1596221755,0,0,quiz,,,,7,,0,4,,33
4472,119,1596221762,0,0,quiz,,,,6,,0,9,,66
4473,176,1596221771,0,0,quiz,,,,5,,0,3,,33
4474,145,1596221788,0,0,quiz,,,,6,,0,9,,66
4475,182,1596221803,0,0,quiz,,,,6,,0,9,,100
4476,145,1596221815,0,0,modifier,,,,6,,0,0,Wearing Mask,0
4477,88,1596221817,0,0,contact,,,,7,974bf533-30f3-4f92-bb1f-7e9bdfeef8ae,249649,0,,0
4478,146,1596221835,0,0,quiz,,,,5,,0,3,,100
4479,145,1596221834,0,0,contact,,,,6,4ac14b7f-3be1-47a8-9158-4f1f9a4bc86c,168921,0,,0
4480,181,1596221873,0,0,quiz,,,,7,,0,4,,100
4481,181,1596221878,0,0,modifier,,,,7,,0,0,Wearing PPE,0
4482,145,1596221890,0,0,contact,,,,6,4ac14b7f-3be1-47a8-9158-4f1f9a4bc86c,45605,0,,0
4483,145,1596221890,0,0,contact,,,,6,e33119b4-a5e1-4dce-bade-e997e7b3d634,31450,0,,0
4484,113,1596221916,0,0,quiz,,,,6,,0,9,,66
4485,265,1596221896,0,0,contact,,,,7,194a6a33-be7a-4c5e-b036-6e6d9fc80809,325659,0,,0
4486,107,1596221963,0,0,quiz,,,,7,,0,4,,100
4487,145,1596221963,0,0,contact,,,,6,4d1fa7be-718f-4047-92af-6babb0bf19cc,325515,0,,0
4488,83,1596221981,0,0,falsePositive,,-,,7,,0,0,,0
4489,85,1596222012,0,0,quiz,,,,5,,0,3,,66
4490,145,1596222020,0,0,contact,,,,6,4ac14b7f-3be1-47a8-9158-4f1f9a4bc86c,116548,0,,0
4491,88,1596222035,0,0,contact,,,,7,974bf533-30f3-4f92-bb1f-7e9bdfeef8ae,48415,0,,0
4492,273,1596222059,0,0,quiz,,,,6,,0,8,,100
4493,265,1596222066,0,0,contact,,,,7,e66d7ce7-d450-435d-af4f-1641b5a946bc,518386,0,,0
4494,118,1596222088,0,0,quiz,,,,6,,0,9,,100
4495,274,1596222107,0,0,quiz,,,,6,,0,8,,100
4496,274,1596222146,0,0,quiz,,,,6,,0,9,,66
4497,172,1596222229,0,0,quiz,,,,7,,0,4,,66
4498,203,1596222264,0,0,contact,,,,7,bbf166ee-a36c-4ab8-b8a5-fa62e29432fb,34689,0,,0
4499,238,1596222295,0,0,quiz,,,,5,,0,3,,66
4500,152,1596222307,0,0,quiz,,,,7,,0,4,,66
4501,100,1596222333,0,0,quiz,,,,6,,0,9,,66
4502,195,1596222341,0,0,quiz,,,,6,,0,9,,100
4503,222,1596222345,0,0,contact,,,,7,ebea9177-3a8c-4237-b37d-473be0333837,117026,0,,0
4504,222,1596222346,0,0,falsePositive,,+,,7,,0,0,,0
4505,242,1596222544,0,0,quiz,,,,7,,0,4,,33
4506,229,1596222696,0,0,quiz,,,,7,,0,4,,100
4507,222,1596222821,0,0,falsePositive,,-,,7,,0,0,,0
4508,273,1596222837,0,0,quiz,,,,6,,0,9,,100
4509,88,1596222905,0,0,contact,,,,7,974bf533-30f3-4f92-bb1f-7e9bdfeef8ae,170014,0,,0
4510,78,1596222983,0,0,quiz,,,,5,,0,3,,100
4511,141,1596223037,0,0,quiz,,,,6,,0,9,,100
4512,234,1596223070,0,0,quiz,,,,6,,0,9,,66
4513,103,1596223249,0,0,quiz,,,,7,,0,4,,100
4514,275,1596223417,0,0,quiz,,,,7,,0,2,,100
4515,180,1596223432,0,0,quiz,,,,5,,0,3,,66
4516,180,1596223437,0,0,modifier,,,,5,,0,0,Wearing Mask,0
4517,203,1596223458,0,0,contact,,,,7,bbf166ee-a36c-4ab8-b8a5-fa62e29432fb,57860,0,,0
4518,275,1596223460,0,0,quiz,,,,7,,0,4,,100
4519,222,1596223462,0,0,contact,,,,7,ebea9177-3a8c-4237-b37d-473be0333837,63496,0,,0
4520,235,1596223478,0,0,quiz,,,,5,,0,3,,33
4521,225,1596223616,0,0,quiz,,,,6,,0,9,,33
4522,191,1596223683,0,0,quiz,,,,6,,0,9,,100
4523,202,1596223812,0,0,contact,,,,7,bab60078-a51b-4035-b33c-a2b3d2040406,66773,0,,0
4524,181,1596223844,0,0,contact,,,,7,bacb2b8a-b737-4ea7-aeae-96c796ca3f79,97202,0,,0
4526,231,1596224362,0,0,quiz,,,,7,,0,4,,100
4527,263,1596224395,0,0,falsePositive,,+,,7,,0,0,,0
4528,263,1596224429,0,0,quiz,,,,7,,0,4,,0
4529,203,1596224645,0,0,contact,,,,7,bbf166ee-a36c-4ab8-b8a5-fa62e29432fb,26431,0,,0
4530,203,1596224671,0,0,contact,,,,7,bbf166ee-a36c-4ab8-b8a5-fa62e29432fb,20325,0,,0
4531,203,1596224724,0,0,contact,,,,7,bbf166ee-a36c-4ab8-b8a5-fa62e29432fb,29357,0,,0
4532,203,1596224755,0,0,contact,,,,7,bbf166ee-a36c-4ab8-b8a5-fa62e29432fb,17971,0,,0
4533,203,1596224765,0,0,contact,,,,7,bbf166ee-a36c-4ab8-b8a5-fa62e29432fb,9387,0,,0
4534,209,1596224901,0,0,quiz,,,,5,,0,3,,66
4535,203,1596224914,0,0,contact,,,,7,bbf166ee-a36c-4ab8-b8a5-fa62e29432fb,37033,0,,0
4536,203,1596224925,0,0,contact,,,,7,bbf166ee-a36c-4ab8-b8a5-fa62e29432fb,6106,0,,0
4537,222,1596224992,0,0,contact,,,,7,ebea9177-3a8c-4237-b37d-473be0333837,375154,0,,0
4538,203,1596225252,0,0,contact,,,,7,bbf166ee-a36c-4ab8-b8a5-fa62e29432fb,21367,0,,0
4539,145,1596225307,0,0,contact,,,,6,4ac14b7f-3be1-47a8-9158-4f1f9a4bc86c,176977,0,,0
4540,222,1596225321,0,0,contact,,,,7,ebea9177-3a8c-4237-b37d-473be0333837,92169,0,,0
4541,145,1596225367,0,0,contact,,,,6,e33119b4-a5e1-4dce-bade-e997e7b3d634,172600,0,,0
4542,192,1596225877,0,0,quiz,,,,7,,0,4,,100
4543,192,1596225888,0,0,modifier,,,,7,,0,0,Wearing PPE,0
4544,145,1596226080,0,0,infection,CASE0[0],,,6,,0,0,,0
4545,159,1596226155,0,0,quiz,,,,6,,0,9,,100
4546,202,1596226296,0,0,contact,,,,7,bbf166ee-a36c-4ab8-b8a5-fa62e29432fb,66672,0,,0
4547,222,1596226323,0,0,quiz,,,,7,,0,4,,66
4548,222,1596226328,0,0,contact,,,,7,bacb2b8a-b737-4ea7-aeae-96c796ca3f79,98251,0,,0
4549,222,1596226331,0,0,modifier,,,,7,,0,0,Wearing Mask,0
4550,241,1596226361,0,0,quiz,,,,7,,0,4,,33
4551,270,1596226501,0,0,infection,CASE0[0],,,5,,0,0,,0
4552,93,1596226673,0,0,quiz,,,,7,,0,4,,66
4553,93,1596205870,0,0,outcome,,,ESCAPED,7,,0,0,,0
4554,236,1596226863,0,0,quiz,,,,6,,0,9,,100
4555,236,1596226882,0,0,modifier,,,,6,,0,0,Wearing PPE,0
4556,203,1596226978,0,0,contact,,,,7,bbf166ee-a36c-4ab8-b8a5-fa62e29432fb,43275,0,,0
4557,222,1596227012,0,0,contact,,,,7,ebea9177-3a8c-4237-b37d-473be0333837,79400,0,,0
4558,241,1596227657,0,0,contact,,,,7,baa38cc5-3429-48a0-85fd-ec446941e434,106274,0,,0
4559,203,1596228247,0,0,contact,,,,7,bacb2b8a-b737-4ea7-aeae-96c796ca3f79,3470,0,,0
4560,203,1596228319,0,0,contact,,,,7,bacb2b8a-b737-4ea7-aeae-96c796ca3f79,17460,0,,0
4561,203,1596228329,0,0,contact,,,,7,bacb2b8a-b737-4ea7-aeae-96c796ca3f79,3816,0,,0
4562,203,1596228330,0,0,quiz,,,,7,,0,4,,100
4563,203,1596228334,0,0,modifier,,,,7,,0,0,Wearing PPE,0
4564,203,1596228345,0,0,contact,,,,7,bacb2b8a-b737-4ea7-aeae-96c796ca3f79,3711,0,,0
4565,241,1596228506,0,0,contact,,,,7,baa38cc5-3429-48a0-85fd-ec446941e434,125008,0,,0
4566,202,1596228518,0,0,contact,,,,7,ebea9177-3a8c-4237-b37d-473be0333837,276183,0,,0
4567,185,1596228796,0,0,quiz,,,,6,,0,8,,33
4568,241,1596228807,0,0,contact,,,,7,baa38cc5-3429-48a0-85fd-ec446941e434,165272,0,,0
4569,241,1596228819,0,0,contact,,,,7,baa38cc5-3429-48a0-85fd-ec446941e434,9366,0,,0
4570,185,1596228838,0,0,quiz,,,,6,,0,9,,33
4571,203,1596228861,0,0,contact,,,,7,bacb2b8a-b737-4ea7-aeae-96c796ca3f79,30158,0,,0
4572,203,1596228931,0,0,contact,,,,7,bacb2b8a-b737-4ea7-aeae-96c796ca3f79,69767,0,,0
4573,203,1596228958,0,0,contact,,,,7,bacb2b8a-b737-4ea7-aeae-96c796ca3f79,19390,0,,0
4574,203,1596229078,0,0,contact,,,,7,bacb2b8a-b737-4ea7-aeae-96c796ca3f79,117638,0,,0
4575,203,1596229093,0,0,contact,,,,7,bacb2b8a-b737-4ea7-aeae-96c796ca3f79,11817,0,,0
4576,203,1596229124,0,0,contact,,,,7,ba1962d4-a688-461c-b818-17d8329de2d2,170083,0,,0
4577,202,1596229165,0,0,contact,,,,7,ebea9177-3a8c-4237-b37d-473be0333837,335668,0,,0
4578,241,1596229175,0,0,contact,,,,7,baa38cc5-3429-48a0-85fd-ec446941e434,139290,0,,0
4579,241,1596229453,0,0,contact,,,,7,baa38cc5-3429-48a0-85fd-ec446941e434,10066,0,,0
4580,106,1596229589,0,0,quiz,,,,6,,0,9,,100
4581,241,1596230754,0,0,contact,,,,7,baa38cc5-3429-48a0-85fd-ec446941e434,7067,0,,0
4582,241,1596231245,0,0,contact,,,,7,baa38cc5-3429-48a0-85fd-ec446941e434,30372,0,,0
4583,241,1596231255,0,0,contact,,,,7,baa38cc5-3429-48a0-85fd-ec446941e434,4189,0,,0
4584,241,1596231266,0,0,contact,,,,7,baa38cc5-3429-48a0-85fd-ec446941e434,4486,0,,0
4585,241,1596231279,0,0,contact,,,,7,baa38cc5-3429-48a0-85fd-ec446941e434,6691,0,,0
4586,241,1596231293,0,0,contact,,,,7,baa38cc5-3429-48a0-85fd-ec446941e434,10092,0,,0
4587,192,1596231344,0,0,infection,CASE0[0],,,7,,0,0,,0
4588,241,1596231353,0,0,contact,,,,7,baa38cc5-3429-48a0-85fd-ec446941e434,49433,0,,0
4589,241,1596231420,0,0,contact,,,,7,baa38cc5-3429-48a0-85fd-ec446941e434,63244,0,,0
4590,241,1596231563,0,0,contact,,,,7,baa38cc5-3429-48a0-85fd-ec446941e434,15561,0,,0
4591,241,1596231603,0,0,contact,,,,7,baa38cc5-3429-48a0-85fd-ec446941e434,5844,0,,0
4592,202,1596231938,0,0,contact,,,,7,ebea9177-3a8c-4237-b37d-473be0333837,51240,0,,0
4593,203,1596231970,0,0,contact,,,,7,bacb2b8a-b737-4ea7-aeae-96c796ca3f79,81664,0,,0
4594,241,1596232133,0,0,contact,,,,7,baa38cc5-3429-48a0-85fd-ec446941e434,29468,0,,0
4595,203,1596232202,0,0,contact,,,,7,bacb2b8a-b737-4ea7-aeae-96c796ca3f79,2766,0,,0
4596,202,1596232323,0,0,contact,,,,7,ebea9177-3a8c-4237-b37d-473be0333837,125475,0,,0
4597,276,1596232588,0,0,quiz,,,,7,,0,2,,100
4598,276,1596232640,0,0,quiz,,,,7,,0,4,,100
4599,265,1596233738,0,0,falsePositive,,+,,7,,0,0,,0
4600,265,1596233738,0,0,falsePositive,,-,,7,,0,0,,0
4601,241,1596234245,0,0,contact,,,,7,baa38cc5-3429-48a0-85fd-ec446941e434,38931,0,,0
4602,115,1596234621,0,0,quiz,,,,7,,0,2,,100
4603,267,1596235018,0,0,quiz,,,,5,,0,3,,33
4604,241,1596235019,0,0,contact,,,,7,baa38cc5-3429-48a0-85fd-ec446941e434,169690,0,,0
4605,202,1596236085,0,0,contact,,,,7,ebea9177-3a8c-4237-b37d-473be0333837,170550,0,,0
4608,114,1596236977,0,0,quiz,,,,6,,0,9,,66
4609,241,1596237137,0,0,contact,,,,7,baa38cc5-3429-48a0-85fd-ec446941e434,6340,0,,0
4617,224,1596239587,0,0,outcome,,,ESCAPED,5,,0,0,,0
4618,224,1596239680,0,0,quiz,,,,5,,0,3,,33
4651,203,1596244651,0,0,contact,,,,7,bbf166ee-a36c-4ab8-b8a5-fa62e29432fb,46169,0,,0
4653,255,1596244886,0,0,quiz,,,,7,,0,4,,100
4654,203,1596245065,0,0,contact,,,,7,bbf166ee-a36c-4ab8-b8a5-fa62e29432fb,21082,0,,0
4656,241,1596245098,0,0,contact,,,,7,baa38cc5-3429-48a0-85fd-ec446941e434,244712,0,,0
4657,265,1596245213,0,0,falsePositive,,+,,7,,0,0,,0
4658,222,1596245243,0,0,contact,,,,7,ebea9177-3a8c-4237-b37d-473be0333837,634217,0,,0
4661,241,1596245299,0,0,contact,,,,7,baa38cc5-3429-48a0-85fd-ec446941e434,72267,0,,0
4664,241,1596245367,0,0,contact,,,,7,baa38cc5-3429-48a0-85fd-ec446941e434,67484,0,,0
4667,241,1596245523,0,0,contact,,,,7,baa38cc5-3429-48a0-85fd-ec446941e434,154968,0,,0
4675,241,1596245836,0,0,contact,,,,7,baa38cc5-3429-48a0-85fd-ec446941e434,312952,0,,0
4685,241,1596245994,0,0,contact,,,,7,baa38cc5-3429-48a0-85fd-ec446941e434,49070,0,,0
4692,241,1596246120,0,0,contact,,,,7,baa38cc5-3429-48a0-85fd-ec446941e434,87012,0,,0
4696,222,1596246359,0,0,contact,,,,7,ebea9177-3a8c-4237-b37d-473be0333837,179181,0,,0
4697,241,1596246376,0,0,contact,,,,7,baa38cc5-3429-48a0-85fd-ec446941e434,251634,0,,0
4708,241,1596246728,0,0,contact,,,,7,baa38cc5-3429-48a0-85fd-ec446941e434,229646,0,,0
4710,203,1596246818,0,0,contact,,,,7,bbf166ee-a36c-4ab8-b8a5-fa62e29432fb,4834,0,,0
4720,222,1596246997,0,0,contact,,,,7,ebea9177-3a8c-4237-b37d-473be0333837,184257,0,,0
4725,241,1596247035,0,0,contact,,,,7,baa38cc5-3429-48a0-85fd-ec446941e434,164978,0,,0
4728,241,1596247060,0,0,contact,,,,7,baa38cc5-3429-48a0-85fd-ec446941e434,19573,0,,0
4729,203,1596247095,0,0,contact,,,,7,bbf166ee-a36c-4ab8-b8a5-fa62e29432fb,53803,0,,0
4730,222,1596247126,0,0,contact,,,,7,ebea9177-3a8c-4237-b37d-473be0333837,85717,0,,0
4740,203,1596247296,0,0,contact,,,,7,bbf166ee-a36c-4ab8-b8a5-fa62e29432fb,25486,0,,0
4746,241,1596247432,0,0,contact,,,,7,baa38cc5-3429-48a0-85fd-ec446941e434,361805,0,,0
4747,222,1596247465,0,0,contact,,,,7,ebea9177-3a8c-4237-b37d-473be0333837,195353,0,,0
4750,203,1596247545,0,0,infection,CASE0[0],,,7,,0,0,,0
4753,222,1596247678,0,0,contact,,,,7,ebea9177-3a8c-4237-b37d-473be0333837,171975,0,,0
4774,241,1596249482,0,0,contact,,,,7,baa38cc5-3429-48a0-85fd-ec446941e434,57959,0,,0
4777,241,1596249546,0,0,contact,,,,7,baa38cc5-3429-48a0-85fd-ec446941e434,63936,0,,0
4781,241,1596249615,0,0,contact,,,,7,baa38cc5-3429-48a0-85fd-ec446941e434,44999,0,,0
4783,241,1596249651,0,0,contact,,,,7,baa38cc5-3429-48a0-85fd-ec446941e434,35873,0,,0
4784,263,1596249758,0,0,falsePositive,,-,,7,,0,0,,0
4785,241,1596249781,0,0,contact,,,,7,baa38cc5-3429-48a0-85fd-ec446941e434,129831,0,,0
4787,241,1596249817,0,0,contact,,,,7,baa38cc5-3429-48a0-85fd-ec446941e434,35872,0,,0
4789,241,1596249875,0,0,contact,,,,7,baa38cc5-3429-48a0-85fd-ec446941e434,57981,0,,0
4792,241,1596249890,0,0,contact,,,,7,baa38cc5-3429-48a0-85fd-ec446941e434,9871,0,,0
4797,241,1596250198,0,0,contact,,,,7,baa38cc5-3429-48a0-85fd-ec446941e434,300173,0,,0
4800,241,1596250255,0,0,contact,,,,7,baa38cc5-3429-48a0-85fd-ec446941e434,55988,0,,0
4802,241,1596250318,0,0,contact,,,,7,baa38cc5-3429-48a0-85fd-ec446941e434,57792,0,,0
4807,241,1596250412,0,0,contact,,,,7,baa38cc5-3429-48a0-85fd-ec446941e434,92701,0,,0
4810,241,1596250451,0,0,contact,,,,7,baa38cc5-3429-48a0-85fd-ec446941e434,33854,0,,0
4812,265,1596250479,0,0,falsePositive,,-,,7,,0,0,,0
4813,241,1596250490,0,0,contact,,,,7,baa38cc5-3429-48a0-85fd-ec446941e434,33799,0,,0
4814,241,1596250542,0,0,contact,,,,7,baa38cc5-3429-48a0-85fd-ec446941e434,46867,0,,0
4818,241,1596250608,0,0,contact,,,,7,baa38cc5-3429-48a0-85fd-ec446941e434,33950,0,,0
4819,241,1596250652,0,0,contact,,,,7,baa38cc5-3429-48a0-85fd-ec446941e434,39243,0,,0
4822,241,1596250696,0,0,contact,,,,7,baa38cc5-3429-48a0-85fd-ec446941e434,43603,0,,0
4824,241,1596250775,0,0,contact,,,,7,baa38cc5-3429-48a0-85fd-ec446941e434,72011,0,,0
4825,241,1596250831,0,0,contact,,,,7,baa38cc5-3429-48a0-85fd-ec446941e434,55379,0,,0
4826,241,1596250915,0,0,contact,,,,7,baa38cc5-3429-48a0-85fd-ec446941e434,83358,0,,0
4829,241,1596251156,0,0,contact,,,,7,baa38cc5-3429-48a0-85fd-ec446941e434,158183,0,,0
4830,241,1596251194,0,0,contact,,,,7,baa38cc5-3429-48a0-85fd-ec446941e434,37716,0,,0
4831,241,1596251246,0,0,contact,,,,7,baa38cc5-3429-48a0-85fd-ec446941e434,44952,0,,0
4832,241,1596251375,0,0,contact,,,,7,baa38cc5-3429-48a0-85fd-ec446941e434,128654,0,,0
4834,241,1596251452,0,0,contact,,,,7,baa38cc5-3429-48a0-85fd-ec446941e434,72168,0,,0
4836,241,1596251492,0,0,contact,,,,7,baa38cc5-3429-48a0-85fd-ec446941e434,40122,0,,0
4837,241,1596251564,0,0,contact,,,,7,baa38cc5-3429-48a0-85fd-ec446941e434,65499,0,,0
4838,241,1596251664,0,0,contact,,,,7,baa38cc5-3429-48a0-85fd-ec446941e434,67713,0,,0
4839,241,1596251771,0,0,contact,,,,7,baa38cc5-3429-48a0-85fd-ec446941e434,71058,0,,0
4840,241,1596251922,0,0,contact,,,,7,baa38cc5-3429-48a0-85fd-ec446941e434,53672,0,,0
4841,241,1596252001,0,0,contact,,,,7,baa38cc5-3429-48a0-85fd-ec446941e434,77305,0,,0
4842,241,1596252007,0,0,contact,,,,7,baa38cc5-3429-48a0-85fd-ec446941e434,5300,0,,0
4843,241,1596252044,0,0,contact,,,,7,baa38cc5-3429-48a0-85fd-ec446941e434,36455,0,,0
4844,241,1596252241,0,0,contact,,,,7,baa38cc5-3429-48a0-85fd-ec446941e434,157799,0,,0
4847,241,1596252284,0,0,contact,,,,7,baa38cc5-3429-48a0-85fd-ec446941e434,42011,0,,0
4848,241,1596252359,0,0,contact,,,,7,baa38cc5-3429-48a0-85fd-ec446941e434,35937,0,,0
4849,241,1596252462,0,0,contact,,,,7,baa38cc5-3429-48a0-85fd-ec446941e434,98067,0,,0
4850,241,1596252505,0,0,contact,,,,7,baa38cc5-3429-48a0-85fd-ec446941e434,41875,0,,0
4851,241,1596252565,0,0,contact,,,,7,baa38cc5-3429-48a0-85fd-ec446941e434,53926,0,,0
4855,241,1596252614,0,0,contact,,,,7,baa38cc5-3429-48a0-85fd-ec446941e434,44605,0,,0
4865,98,1596253165,0,0,quiz,,,,6,,0,8,,100
4866,243,1596253256,0,0,quiz,,,,7,,0,4,,66
4884,188,1596254371,0,0,quiz,,,,6,,0,9,,33
5588,263,1596395249,0,0,falsePositive,,+,,7,,0,0,,0
4924,241,1596259146,0,0,contact,,,,7,baa38cc5-3429-48a0-85fd-ec446941e434,31471,0,,0
4926,241,1596259242,0,0,contact,,,,7,baa38cc5-3429-48a0-85fd-ec446941e434,95378,0,,0
4929,241,1596259488,0,0,contact,,,,7,baa38cc5-3429-48a0-85fd-ec446941e434,245832,0,,0
5589,263,1596399020,0,0,falsePositive,,+,,7,,0,0,,0
4990,241,1596265007,0,0,contact,,,,7,baa38cc5-3429-48a0-85fd-ec446941e434,212094,0,,0
5590,263,1596401006,0,0,falsePositive,,-,,7,,0,0,,0
5091,259,1596273496,0,0,quiz,,,,6,,0,9,,66
5117,241,1596282708,0,0,contact,,,,7,baa38cc5-3429-48a0-85fd-ec446941e434,312403,0,,0
5118,241,1596282856,0,0,contact,,,,7,baa38cc5-3429-48a0-85fd-ec446941e434,66701,0,,0
5119,241,1596282932,0,0,contact,,,,7,baa38cc5-3429-48a0-85fd-ec446941e434,75643,0,,0
5120,241,1596283022,0,0,contact,,,,7,baa38cc5-3429-48a0-85fd-ec446941e434,90157,0,,0
5123,241,1596283645,0,0,contact,,,,7,baa38cc5-3429-48a0-85fd-ec446941e434,622413,0,,0
5134,200,1596287449,0,0,quiz,,,,7,,0,2,,100
5135,200,1596287474,0,0,quiz,,,,7,,0,4,,33
5146,241,1596289172,0,0,contact,,,,7,baa38cc5-3429-48a0-85fd-ec446941e434,4024,0,,0
5150,241,1596289699,0,0,contact,,,,7,baa38cc5-3429-48a0-85fd-ec446941e434,3687,0,,0
5151,241,1596289745,0,0,contact,,,,7,baa38cc5-3429-48a0-85fd-ec446941e434,39932,0,,0
5152,241,1596289759,0,0,contact,,,,7,baa38cc5-3429-48a0-85fd-ec446941e434,7526,0,,0
5171,83,1596292304,0,0,quiz,,,,7,,0,4,,66
5172,83,1596292309,0,0,modifier,,,,7,,0,0,Wearing Mask,0
5174,241,1596292460,0,0,contact,,,,7,baa38cc5-3429-48a0-85fd-ec446941e434,32945,0,,0
5175,241,1596292799,0,0,contact,,,,7,baa38cc5-3429-48a0-85fd-ec446941e434,15878,0,,0
5178,241,1596292919,0,0,contact,,,,7,baa38cc5-3429-48a0-85fd-ec446941e434,90099,0,,0
5179,241,1596292979,0,0,contact,,,,7,baa38cc5-3429-48a0-85fd-ec446941e434,40076,0,,0
5182,241,1596293129,0,0,contact,,,,7,baa38cc5-3429-48a0-85fd-ec446941e434,139804,0,,0
5183,241,1596293159,0,0,contact,,,,7,baa38cc5-3429-48a0-85fd-ec446941e434,19754,0,,0
5184,241,1596293201,0,0,contact,,,,7,baa38cc5-3429-48a0-85fd-ec446941e434,19436,0,,0
5185,241,1596293223,0,0,contact,,,,7,baa38cc5-3429-48a0-85fd-ec446941e434,4565,0,,0
5186,241,1596293232,0,0,contact,,,,7,baa38cc5-3429-48a0-85fd-ec446941e434,4764,0,,0
5190,241,1596293615,0,0,contact,,,,7,baa38cc5-3429-48a0-85fd-ec446941e434,377141,0,,0
5192,241,1596293937,0,0,contact,,,,7,baa38cc5-3429-48a0-85fd-ec446941e434,36651,0,,0
5193,241,1596294298,0,0,contact,,,,7,baa38cc5-3429-48a0-85fd-ec446941e434,62379,0,,0
5194,241,1596294342,0,0,contact,,,,7,baa38cc5-3429-48a0-85fd-ec446941e434,44471,0,,0
5195,226,1596297690,0,0,quiz,,,,6,,0,9,,100
5200,145,1596302011,0,0,infection,CASE0[0],,,6,,0,0,,0
5201,263,1596306414,0,0,falsePositive,,+,,7,,0,0,,0
5204,145,1596308288,0,0,infection,CASE0[0],,,6,,0,0,,0
5207,90,1596311422,0,0,quiz,,,,7,,0,4,,66
5208,263,1596312143,0,0,falsePositive,,+,,7,,0,0,,0
5209,241,1596312414,0,0,contact,,,,7,baa38cc5-3429-48a0-85fd-ec446941e434,131307,0,,0
5210,241,1596312459,0,0,contact,,,,7,baa38cc5-3429-48a0-85fd-ec446941e434,38254,0,,0
5211,241,1596312534,0,0,contact,,,,7,baa38cc5-3429-48a0-85fd-ec446941e434,39309,0,,0
5212,241,1596312610,0,0,contact,,,,7,baa38cc5-3429-48a0-85fd-ec446941e434,70169,0,,0
5213,241,1596312716,0,0,contact,,,,7,baa38cc5-3429-48a0-85fd-ec446941e434,49576,0,,0
5214,241,1596312800,0,0,contact,,,,7,baa38cc5-3429-48a0-85fd-ec446941e434,77178,0,,0
5215,241,1596312868,0,0,contact,,,,7,baa38cc5-3429-48a0-85fd-ec446941e434,47021,0,,0
5216,241,1596312909,0,0,contact,,,,7,baa38cc5-3429-48a0-85fd-ec446941e434,40786,0,,0
5217,241,1596313033,0,0,contact,,,,7,baa38cc5-3429-48a0-85fd-ec446941e434,84353,0,,0
5220,241,1596313343,0,0,contact,,,,7,baa38cc5-3429-48a0-85fd-ec446941e434,266378,0,,0
5221,241,1596313532,0,0,contact,,,,7,baa38cc5-3429-48a0-85fd-ec446941e434,52782,0,,0
5222,241,1596313585,0,0,contact,,,,7,baa38cc5-3429-48a0-85fd-ec446941e434,52317,0,,0
5223,97,1596313671,0,0,quiz,,,,7,,0,4,,66
5226,133,1596317171,0,0,quiz,,,,7,,0,2,,100
5234,279,1596323277,0,0,quiz,,,,7,,0,2,,100
5235,279,1596323308,0,0,quiz,,,,7,,0,4,,33
5249,194,1596330446,0,0,quiz,,,,7,,0,4,,100
5250,180,1596331100,0,0,infection,CASE0[0],,,5,,0,0,,0
5251,115,1596332624,0,0,quiz,,,,7,,0,4,,100
5259,280,1596333705,0,0,quiz,,,,5,,0,5,,100
5260,280,1596333885,0,0,quiz,,,,5,,0,3,,66
5275,94,1596337892,0,0,quiz,,,,5,,0,3,,100
5276,281,1596338059,0,0,quiz,,,,5,,0,5,,100
5277,281,1596338132,0,0,quiz,,,,5,,0,3,,100
5278,282,1596338317,0,0,quiz,,,,5,,0,5,,100
5279,282,1596338346,0,0,quiz,,,,5,,0,3,,100
5301,203,1596343758,0,0,infection,CASE0[0],,,7,,0,0,,0
5741,308,1596475196,0,0,quiz,,,,6,,0,9,,33
5468,283,1596363332,0,0,quiz,,,,5,,0,5,,33
5469,283,1596363476,0,0,quiz,,,,5,,0,3,,33
5470,181,1596369444,0,0,contact,,,,7,4feb933c-f93a-429e-8ff4-8675a792dcff,2779,0,,0
5471,227,1596369524,0,0,contact,,,,7,bab60078-a51b-4035-b33c-a2b3d2040406,83739,0,,0
5574,124,1596382727,0,0,outcome,,,ESCAPED,7,,0,0,,0
5579,144,1596385924,0,0,quiz,,,,7,,0,4,,100
5580,284,1596388733,0,0,quiz,,,,5,,0,5,,100
5583,284,1596389051,0,0,quiz,,,,5,,0,3,,66
5586,181,1596392790,0,0,contact,,,,7,4feb933c-f93a-429e-8ff4-8675a792dcff,42825,0,,0
5587,227,1596392816,0,0,contact,,,,7,bab60078-a51b-4035-b33c-a2b3d2040406,69530,0,,0
5593,87,1596402230,0,0,quiz,,,,6,,0,9,,66
5594,181,1596402624,0,0,infection,CASE0[0],,,7,,0,0,,0
5639,285,1596413064,0,0,quiz,,,,6,,0,8,,100
5641,285,1596413103,0,0,quiz,,,,6,,0,9,,66
5642,286,1596413264,0,0,quiz,,,,6,,0,8,,100
5643,286,1596413441,0,0,quiz,,,,6,,0,9,,33
5644,263,1596413587,0,0,falsePositive,,+,,7,,0,0,,0
5645,287,1596414424,0,0,quiz,,,,5,,0,5,,100
5647,287,1596414802,0,0,quiz,,,,5,,0,3,,33
5649,288,1596415245,0,0,quiz,,,,5,,0,5,,100
5650,288,1596415289,0,0,quiz,,,,5,,0,3,,66
5672,204,1596418499,0,0,quiz,,,,7,,0,4,,66
5673,181,1596419957,0,0,contact,,,,7,4feb933c-f93a-429e-8ff4-8675a792dcff,40613,0,,0
5674,181,1596419957,0,0,contact,,,,7,4feb933c-f93a-429e-8ff4-8675a792dcff,40615,0,,0
5675,227,1596420096,0,0,contact,,,,7,bab60078-a51b-4035-b33c-a2b3d2040406,180693,0,,0
5676,147,1596422348,0,0,quiz,,,,7,,0,4,,66
5681,290,1596438477,0,0,quiz,,,,5,,0,5,,66
5682,290,1596438529,0,0,quiz,,,,5,,0,3,,33
5683,263,1596443959,0,0,falsePositive,,-,,7,,0,0,,0
5686,181,1596460363,0,0,contact,,,,7,4feb933c-f93a-429e-8ff4-8675a792dcff,68981,0,,0
5687,227,1596460394,0,0,contact,,,,7,bab60078-a51b-4035-b33c-a2b3d2040406,99225,0,,0
5688,214,1596462154,0,0,quiz,,,,6,,0,8,,100
5689,214,1596462194,0,0,quiz,,,,6,,0,9,,66
5690,291,1596462414,0,0,quiz,,,,7,,0,2,,100
5691,164,1596462449,0,0,quiz,,,,6,,0,8,,66
5692,164,1596462493,0,0,quiz,,,,6,,0,9,,66
5693,293,1596462497,0,0,quiz,,,,5,,0,5,,100
5694,291,1596462522,0,0,quiz,,,,7,,0,4,,66
5695,293,1596462548,0,0,quiz,,,,5,,0,3,,66
5696,294,1596462605,0,0,quiz,,,,7,,0,2,,100
5697,294,1596462650,0,0,quiz,,,,7,,0,4,,66
5698,295,1596462788,0,0,quiz,,,,5,,0,5,,66
5699,296,1596462796,0,0,quiz,,,,6,,0,8,,66
5700,295,1596462814,0,0,quiz,,,,5,,0,3,,100
5701,295,1596462818,0,0,modifier,,,,5,,0,0,Wearing PPE,0
5702,296,1596462863,0,0,quiz,,,,6,,0,9,,33
5703,217,1596462892,0,0,quiz,,,,6,,0,9,,66
5706,297,1596463586,0,0,falsePositive,,+,,7,,0,0,,0
5707,79,1596463599,0,0,quiz,,,,6,,0,8,,100
5708,297,1596463603,0,0,quiz,,,,7,,0,2,,66
5709,297,1596463606,0,0,modifier,,,,7,,0,0,Wearing Mask,0
5710,297,1596463631,0,0,quiz,,,,7,,0,4,,66
5711,298,1596463712,0,0,quiz,,,,6,,0,8,,100
5712,298,1596463772,0,0,quiz,,,,6,,0,9,,33
5713,299,1596465450,0,0,quiz,,,,6,,0,8,,66
5714,299,1596465499,0,0,quiz,,,,6,,0,9,,66
5715,300,1596469160,0,0,quiz,,,,6,,0,8,,100
5716,301,1596471604,0,0,quiz,,,,6,,0,8,,100
5717,302,1596471622,0,0,quiz,,,,6,,0,8,,100
5718,301,1596471644,0,0,quiz,,,,6,,0,9,,33
5719,302,1596471662,0,0,quiz,,,,6,,0,9,,33
5720,145,1596471886,0,0,contact,,,,6,e33119b4-a5e1-4dce-bade-e997e7b3d634,21334,0,,0
5721,145,1596471903,0,0,contact,,,,6,4d1fa7be-718f-4047-92af-6babb0bf19cc,36397,0,,0
5722,145,1596471928,0,0,contact,,,,6,4ac14b7f-3be1-47a8-9158-4f1f9a4bc86c,72269,0,,0
5723,303,1596471948,0,0,quiz,,,,7,,0,2,,100
5724,303,1596471997,0,0,quiz,,,,7,,0,4,,66
5725,182,1596472298,0,0,outcome,,,ESCAPED,6,,0,0,,0
5726,92,1596472754,0,0,quiz,,,,5,,0,3,,100
5727,297,1596472825,0,0,contact,,,,7,194a6a33-be7a-4c5e-b036-6e6d9fc80809,497136,0,,0
5728,304,1596473497,0,0,quiz,,,,7,,0,2,,100
5729,305,1596473530,0,0,quiz,,,,7,,0,2,,100
5730,181,1596473606,0,0,contact,,,,7,d4c0efa1-baff-43c0-826b-8e8f099081b1,92447,0,,0
5731,181,1596473606,0,0,contact,,,,7,00518cb9-c1f4-4a7d-b9a9-65c2627a4d54,381245,0,,0
5732,305,1596473626,0,0,quiz,,,,7,,0,4,,100
5733,304,1596473627,0,0,quiz,,,,7,,0,4,,100
5734,88,1596474015,0,0,contact,,,,7,974bf533-30f3-4f92-bb1f-7e9bdfeef8ae,170022,0,,0
5735,306,1596474166,0,0,quiz,,,,7,,0,2,,100
5736,306,1596474219,0,0,quiz,,,,7,,0,4,,100
5737,307,1596475023,0,0,quiz,,,,7,,0,2,,100
5738,120,1596475060,0,0,quiz,,,,6,,0,9,,66
5739,307,1596475067,0,0,quiz,,,,7,,0,4,,100
5740,308,1596475130,0,0,quiz,,,,6,,0,8,,100
5742,210,1596475802,0,0,quiz,,,,7,,0,7,,66
5743,213,1596475807,0,0,quiz,,,,7,,0,7,,66
5744,134,1596475807,0,0,quiz,,,,7,,0,2,,66
5745,107,1596475809,0,0,quiz,,,,7,,0,7,,100
5746,135,1596475812,0,0,quiz,,,,7,,0,7,,100
5747,287,1596475821,0,0,quiz,,,,5,,0,6,,33
5748,153,1596475827,0,0,quiz,,,,7,,0,2,,66
5749,175,1596475829,0,0,quiz,,,,5,,0,6,,66
5750,295,1596475828,0,0,quiz,,,,5,,0,6,,66
5751,126,1596475833,0,0,quiz,,,,7,,0,7,,100
5752,254,1596475834,0,0,quiz,,,,7,,0,7,,100
5753,161,1596475835,0,0,quiz,,,,6,,0,9,,66
5754,295,1596475833,0,0,modifier,,,,5,,0,0,Wearing Mask,0
5755,165,1596475836,0,0,quiz,,,,6,,0,9,,100
5756,240,1596475837,0,0,quiz,,,,6,,0,9,,66
5757,88,1596475837,0,0,quiz,,,,7,,0,7,,100
5758,164,1596475839,0,0,quiz,,,,6,,0,10,,100
5759,134,1596475843,0,0,quiz,,,,7,,0,4,,33
5760,90,1596475845,0,0,quiz,,,,7,,0,7,,100
5761,302,1596475846,0,0,quiz,,,,6,,0,10,,100
5762,301,1596475847,0,0,quiz,,,,6,,0,10,,100
5763,266,1596475847,0,0,quiz,,,,6,,0,10,,66
5764,153,1596475849,0,0,quiz,,,,7,,0,4,,33
5765,140,1596475849,0,0,quiz,,,,6,,0,10,,100
5766,294,1596475850,0,0,quiz,,,,7,,0,7,,100
5767,211,1596475851,0,0,quiz,,,,6,,0,9,,66
5768,82,1596475851,0,0,quiz,,,,7,,0,2,,100
5769,232,1596475852,0,0,quiz,,,,5,,0,6,,33
5770,217,1596475857,0,0,quiz,,,,6,,0,10,,100
5771,136,1596475867,0,0,quiz,,,,7,,0,4,,66
5772,177,1596475868,0,0,quiz,,,,5,,0,6,,66
5773,233,1596475870,0,0,quiz,,,,5,,0,6,,66
5774,134,1596475872,0,0,quiz,,,,7,,0,7,,100
5775,153,1596475875,0,0,quiz,,,,7,,0,7,,100
5776,165,1596475883,0,0,quiz,,,,6,,0,10,,66
5777,216,1596475884,0,0,quiz,,,,6,,0,10,,100
5778,240,1596475886,0,0,quiz,,,,6,,0,10,,100
5779,82,1596475893,0,0,quiz,,,,7,,0,4,,100
5780,273,1596475909,0,0,quiz,,,,6,,0,10,,66
5781,190,1596475922,0,0,quiz,,,,6,,0,10,,66
5782,269,1596475926,0,0,quiz,,,,5,,0,6,,33
5783,141,1596475928,0,0,quiz,,,,6,,0,10,,100
5784,154,1596475931,0,0,quiz,,,,7,,0,2,,100
5785,274,1596475937,0,0,quiz,,,,6,,0,10,,100
5786,82,1596475940,0,0,quiz,,,,7,,0,7,,100
5787,245,1596475953,0,0,quiz,,,,7,,0,7,,100
5788,270,1596475962,0,0,quiz,,,,5,,0,6,,100
5789,108,1596475963,0,0,quiz,,,,7,,0,7,,100
5790,88,1596475963,0,0,contact,,,,7,974bf533-30f3-4f92-bb1f-7e9bdfeef8ae,170046,0,,0
5791,298,1596475966,0,0,quiz,,,,6,,0,10,,100
5792,291,1596475968,0,0,quiz,,,,7,,0,7,,66
5793,154,1596475986,0,0,quiz,,,,7,,0,4,,66
5794,243,1596476002,0,0,quiz,,,,7,,0,7,,66
5795,280,1596476021,0,0,quiz,,,,5,,0,6,,66
5796,182,1596476027,0,0,quiz,,,,6,,0,10,,100
5797,154,1596476029,0,0,quiz,,,,7,,0,7,,66
5798,176,1596476032,0,0,quiz,,,,5,,0,6,,33
5799,284,1596476041,0,0,quiz,,,,5,,0,6,,66
5800,102,1596476095,0,0,quiz,,,,7,,0,7,,100
5801,145,1596476097,0,0,contact,,,,6,e33119b4-a5e1-4dce-bade-e997e7b3d634,34359,0,,0
5802,145,1596476105,0,0,contact,,,,6,d14a4308-a09e-4737-b007-9bce1a6c968f,42377,0,,0
5803,119,1596476107,0,0,quiz,,,,6,,0,10,,100
5804,145,1596476123,0,0,quiz,,,,6,,0,10,,100
5805,145,1596476128,0,0,modifier,,,,6,,0,0,Wearing PPE,0
5806,145,1596476129,0,0,contact,,,,6,e33119b4-a5e1-4dce-bade-e997e7b3d634,11509,0,,0
5807,202,1596476161,0,0,quiz,,,,7,,0,7,,100
5808,145,1596476184,0,0,contact,,,,6,d14a4308-a09e-4737-b007-9bce1a6c968f,44187,0,,0
5809,145,1596476186,0,0,contact,,,,6,4ac14b7f-3be1-47a8-9158-4f1f9a4bc86c,44897,0,,0
5810,181,1596476187,0,0,quiz,,,,7,,0,7,,100
5811,181,1596476189,0,0,modifier,,,,7,,0,0,Wearing PPE,0
5812,202,1596476191,0,0,modifier,,,,7,,0,0,Wearing PPE,0
5813,80,1596476199,0,0,quiz,,,,7,,0,7,,100
5814,145,1596476210,0,0,contact,,,,6,e33119b4-a5e1-4dce-bade-e997e7b3d634,73255,0,,0
5815,271,1596476213,0,0,quiz,,,,7,,0,7,,100
5816,114,1596476232,0,0,quiz,,,,6,,0,10,,100
5817,138,1596476233,0,0,quiz,,,,6,,0,10,,100
5818,145,1596476247,0,0,contact,,,,6,e33119b4-a5e1-4dce-bade-e997e7b3d634,32850,0,,0
5819,145,1596476247,0,0,contact,,,,6,4ac14b7f-3be1-47a8-9158-4f1f9a4bc86c,54623,0,,0
5820,276,1596476249,0,0,quiz,,,,7,,0,7,,100
5821,253,1596476252,0,0,quiz,,,,7,,0,4,,100
5822,122,1596476253,0,0,quiz,,,,7,,0,7,,100
5823,145,1596476285,0,0,contact,,,,6,e33119b4-a5e1-4dce-bade-e997e7b3d634,23198,0,,0
5824,105,1596476309,0,0,quiz,,,,7,,0,7,,100
5825,253,1596476320,0,0,quiz,,,,7,,0,7,,66
5826,97,1596476321,0,0,quiz,,,,7,,0,7,,100
5827,251,1596476325,0,0,quiz,,,,7,,0,7,,100
5828,145,1596476334,0,0,contact,,,,6,e33119b4-a5e1-4dce-bade-e997e7b3d634,48979,0,,0
5829,178,1596476373,0,0,quiz,,,,5,,0,6,,66
5830,145,1596476373,0,0,contact,,,,6,e33119b4-a5e1-4dce-bade-e997e7b3d634,37579,0,,0
5831,218,1596476397,0,0,quiz,,,,6,,0,10,,66
5832,145,1596476417,0,0,contact,,,,6,4ac14b7f-3be1-47a8-9158-4f1f9a4bc86c,163199,0,,0
5833,145,1596476421,0,0,contact,,,,6,e33119b4-a5e1-4dce-bade-e997e7b3d634,45040,0,,0
5834,189,1596476474,0,0,quiz,,,,6,,0,10,,100
5835,189,1596476476,0,0,modifier,,,,6,,0,0,Wearing PPE,0
5836,145,1596476494,0,0,contact,,,,6,e33119b4-a5e1-4dce-bade-e997e7b3d634,69315,0,,0
5837,159,1596476521,0,0,quiz,,,,6,,0,10,,66
5838,145,1596476597,0,0,contact,,,,6,e33119b4-a5e1-4dce-bade-e997e7b3d634,52944,0,,0
5839,303,1596476626,0,0,quiz,,,,7,,0,7,,100
5840,203,1596476631,0,0,quiz,,,,7,,0,7,,66
5841,95,1596476665,0,0,quiz,,,,7,,0,7,,100
5842,160,1596476787,0,0,quiz,,,,6,,0,8,,100
5843,234,1596476886,0,0,quiz,,,,6,,0,10,,100
5844,145,1596476939,0,0,contact,,,,6,4ac14b7f-3be1-47a8-9158-4f1f9a4bc86c,39194,0,,0
5845,191,1596477333,0,0,quiz,,,,6,,0,10,,100
5846,145,1596477374,0,0,contact,,,,6,e33119b4-a5e1-4dce-bade-e997e7b3d634,27084,0,,0
5847,145,1596477404,0,0,contact,,,,6,4ac14b7f-3be1-47a8-9158-4f1f9a4bc86c,37821,0,,0
5848,185,1596477457,0,0,quiz,,,,6,,0,10,,33
5849,129,1596477528,0,0,quiz,,,,7,,0,7,,66
5850,127,1596477535,0,0,quiz,,,,7,,0,7,,100
5851,309,1596477540,0,0,quiz,,,,5,,0,5,,100
5852,206,1596477569,0,0,quiz,,,,7,,0,7,,100
5853,309,1596477584,0,0,quiz,,,,5,,0,3,,100
5854,309,1596477647,0,0,quiz,,,,5,,0,6,,33
5855,225,1596477720,0,0,quiz,,,,6,,0,10,,100
5856,307,1596478399,0,0,quiz,,,,7,,0,7,,66
5857,180,1596478609,0,0,quiz,,,,5,,0,6,,33
5858,145,1596478847,0,0,contact,,,,6,d14a4308-a09e-4737-b007-9bce1a6c968f,16011,0,,0
5859,179,1596478868,0,0,quiz,,,,5,,0,6,,66
5860,209,1596479484,0,0,quiz,,,,5,,0,6,,33
5861,288,1596479834,0,0,quiz,,,,5,,0,6,,66
5862,162,1596479969,0,0,quiz,,,,6,,0,8,,100
5863,162,1596480020,0,0,quiz,,,,6,,0,9,,100
5864,162,1596480088,0,0,quiz,,,,6,,0,10,,66
5865,145,1596480242,0,0,contact,,,,6,4ac14b7f-3be1-47a8-9158-4f1f9a4bc86c,170052,0,,0
5866,241,1596480265,0,0,quiz,,,,7,,0,7,,33
5867,145,1596480361,0,0,contact,,,,6,e33119b4-a5e1-4dce-bade-e997e7b3d634,7935,0,,0
5868,124,1596480371,0,0,quiz,,,,7,,0,4,,100
5869,145,1596480427,0,0,contact,,,,6,e33119b4-a5e1-4dce-bade-e997e7b3d634,36799,0,,0
5870,310,1596480522,0,0,quiz,,,,6,,0,8,,100
5871,145,1596480522,0,0,contact,,,,6,e33119b4-a5e1-4dce-bade-e997e7b3d634,91014,0,,0
5872,310,1596480563,0,0,quiz,,,,6,,0,9,,100
5873,310,1596480598,0,0,quiz,,,,6,,0,10,,100
5874,228,1596480768,0,0,quiz,,,,6,,0,9,,100
5875,228,1596480803,0,0,quiz,,,,6,,0,10,,100
5876,310,1596480812,0,0,contact,,,,6,306d9f0c-6182-4055-9557-352786c7795c,155204,0,,0
5877,310,1596480911,0,0,contact,,,,6,11f60de0-2c04-45e1-899f-06aba2f2da20,167324,0,,0
5878,85,1596481027,0,0,quiz,,,,5,,0,6,,66
5879,238,1596481263,0,0,quiz,,,,5,,0,6,,33
5880,145,1596482023,0,0,contact,,,,6,4ac14b7f-3be1-47a8-9158-4f1f9a4bc86c,34416,0,,0
5881,145,1596482033,0,0,contact,,,,6,e33119b4-a5e1-4dce-bade-e997e7b3d634,30474,0,,0
5882,311,1596482095,0,0,quiz,,,,7,,0,2,,100
5883,226,1596482122,0,0,quiz,,,,6,,0,10,,100
5884,312,1596482132,0,0,quiz,,,,7,,0,2,,100
5885,296,1596482134,0,0,quiz,,,,6,,0,10,,66
5886,145,1596482152,0,0,contact,,,,6,e33119b4-a5e1-4dce-bade-e997e7b3d634,75918,0,,0
5887,145,1596482183,0,0,contact,,,,6,4ac14b7f-3be1-47a8-9158-4f1f9a4bc86c,48589,0,,0
5888,145,1596482188,0,0,contact,,,,6,e33119b4-a5e1-4dce-bade-e997e7b3d634,34849,0,,0
5889,311,1596482260,0,0,quiz,,,,7,,0,4,,100
5890,311,1596482329,0,0,quiz,,,,7,,0,7,,100
5891,145,1596482349,0,0,contact,,,,6,e33119b4-a5e1-4dce-bade-e997e7b3d634,13044,0,,0
5892,312,1596482585,0,0,quiz,,,,7,,0,4,,66
5893,312,1596482632,0,0,quiz,,,,7,,0,7,,100
5894,313,1596482759,0,0,quiz,,,,7,,0,2,,0
5895,145,1596482803,0,0,contact,,,,6,e33119b4-a5e1-4dce-bade-e997e7b3d634,161757,0,,0
5896,313,1596482832,0,0,quiz,,,,7,,0,4,,66
5897,145,1596482835,0,0,contact,,,,6,e33119b4-a5e1-4dce-bade-e997e7b3d634,21266,0,,0
5898,145,1596482879,0,0,contact,,,,6,e33119b4-a5e1-4dce-bade-e997e7b3d634,19470,0,,0
5899,313,1596482884,0,0,quiz,,,,7,,0,7,,0
5900,297,1596482976,0,0,quiz,,,,7,,0,7,,33
5901,130,1596483175,0,0,quiz,,,,6,,0,10,,66
5902,122,1596483510,0,0,contact,,,,7,154d9c6a-4096-4ca6-9694-322c8af79166,163173,0,,0
5903,144,1596483554,0,0,quiz,,,,7,,0,7,,100
5904,314,1596483576,0,0,quiz,,,,7,,0,2,,66
5905,314,1596483636,0,0,quiz,,,,7,,0,4,,66
5906,314,1596483695,0,0,quiz,,,,7,,0,7,,66
5907,300,1596483899,0,0,quiz,,,,6,,0,9,,100
5908,300,1596483922,0,0,quiz,,,,6,,0,10,,100
5909,160,1596484118,0,0,quiz,,,,6,,0,9,,66
5910,167,1596484192,0,0,quiz,,,,7,,0,7,,100
5911,315,1596484216,0,0,quiz,,,,7,,0,2,,100
5912,315,1596484247,0,0,quiz,,,,7,,0,4,,100
5913,315,1596484290,0,0,quiz,,,,7,,0,7,,100
5914,316,1596484873,0,0,quiz,,,,7,,0,2,,100
5915,181,1596485205,0,0,contact,,,,7,9d80c2fc-459d-4195-9a10-837511ef99f4,770206,0,,0
5916,316,1596485578,0,0,quiz,,,,7,,0,4,,100
5917,317,1596485705,0,0,quiz,,,,7,,0,2,,100
5918,317,1596485741,0,0,quiz,,,,7,,0,4,,100
5919,319,1596486788,0,0,quiz,,,,7,,0,2,,100
5920,318,1596486940,0,0,quiz,,,,7,,0,2,,100
5921,318,1596487032,0,0,quiz,,,,7,,0,4,,66
5922,318,1596487138,0,0,quiz,,,,7,,0,7,,100
5923,317,1596487230,0,0,quiz,,,,7,,0,7,,66
5924,241,1596487244,0,0,contact,,,,7,baa38cc5-3429-48a0-85fd-ec446941e434,303300,0,,0
5925,255,1596487738,0,0,quiz,,,,7,,0,7,,66
5926,306,1596487850,0,0,quiz,,,,7,,0,7,,100
5927,147,1596488386,0,0,quiz,,,,7,,0,7,,100
5928,145,1596489215,0,0,infection,CASE0[0],,,6,,0,0,,0
5929,320,1596489355,0,0,quiz,,,,7,,0,2,,100
5930,320,1596489419,0,0,quiz,,,,7,,0,4,,100
5931,320,1596489496,0,0,quiz,,,,7,,0,7,,100
5932,241,1596489953,0,0,contact,,,,7,baa38cc5-3429-48a0-85fd-ec446941e434,134931,0,,0
5933,87,1596490397,0,0,quiz,,,,6,,0,10,,100
5934,241,1596490505,0,0,contact,,,,7,baa38cc5-3429-48a0-85fd-ec446941e434,39983,0,,0
5935,241,1596490511,0,0,contact,,,,7,baa38cc5-3429-48a0-85fd-ec446941e434,5123,0,,0
5936,241,1596490540,0,0,contact,,,,7,baa38cc5-3429-48a0-85fd-ec446941e434,29478,0,,0
5937,224,1596490747,0,0,quiz,,,,5,,0,6,,0
5938,120,1596490961,0,0,quiz,,,,6,,0,10,,66
5939,283,1596490986,0,0,quiz,,,,5,,0,6,,33
5940,236,1596491301,0,0,quiz,,,,6,,0,10,,100
5941,236,1596491324,0,0,modifier,,,,6,,0,0,Wearing PPE,0
5942,321,1596491354,0,0,quiz,,,,7,,0,2,,100
5943,321,1596491381,0,0,quiz,,,,7,,0,4,,100
5944,321,1596491469,0,0,quiz,,,,7,,0,7,,100
5945,195,1596491563,0,0,quiz,,,,6,,0,10,,100
5946,222,1596492076,0,0,quiz,,,,7,,0,7,,100
5947,222,1596492080,0,0,modifier,,,,7,,0,0,Wearing PPE,0
5948,203,1596492201,0,0,contact,,,,7,bbf166ee-a36c-4ab8-b8a5-fa62e29432fb,41197,0,,0
5949,222,1596492231,0,0,contact,,,,7,ebea9177-3a8c-4237-b37d-473be0333837,71919,0,,0
5950,203,1596492316,0,0,contact,,,,7,bbf166ee-a36c-4ab8-b8a5-fa62e29432fb,71865,0,,0
5951,100,1596492598,0,0,quiz,,,,6,,0,10,,66
5952,322,1596493130,0,0,quiz,,,,7,,0,2,,66
5953,322,1596493165,0,0,quiz,,,,7,,0,4,,66
5954,241,1596493197,0,0,contact,,,,7,baa38cc5-3429-48a0-85fd-ec446941e434,30572,0,,0
5955,322,1596493202,0,0,quiz,,,,7,,0,7,,66
5956,241,1596493228,0,0,contact,,,,7,baa38cc5-3429-48a0-85fd-ec446941e434,22360,0,,0
5957,204,1596493321,0,0,quiz,,,,7,,0,7,,100
5958,222,1596493481,0,0,contact,,,,7,ebea9177-3a8c-4237-b37d-473be0333837,1238225,0,,0
5959,203,1596493567,0,0,contact,,,,7,bbf166ee-a36c-4ab8-b8a5-fa62e29432fb,32987,0,,0
5960,222,1596493686,0,0,contact,,,,7,ebea9177-3a8c-4237-b37d-473be0333837,152982,0,,0
5961,203,1596493855,0,0,contact,,,,7,bbf166ee-a36c-4ab8-b8a5-fa62e29432fb,57784,0,,0
5962,222,1596493881,0,0,contact,,,,7,ebea9177-3a8c-4237-b37d-473be0333837,83395,0,,0
5963,241,1596493880,0,0,contact,,,,7,baa38cc5-3429-48a0-85fd-ec446941e434,85786,0,,0
5964,203,1596494020,0,0,contact,,,,7,bbf166ee-a36c-4ab8-b8a5-fa62e29432fb,31399,0,,0
5965,222,1596494052,0,0,contact,,,,7,ebea9177-3a8c-4237-b37d-473be0333837,62668,0,,0
5966,203,1596494110,0,0,contact,,,,7,bbf166ee-a36c-4ab8-b8a5-fa62e29432fb,30766,0,,0
5967,222,1596494141,0,0,contact,,,,7,ebea9177-3a8c-4237-b37d-473be0333837,61644,0,,0
5968,241,1596494181,0,0,contact,,,,7,baa38cc5-3429-48a0-85fd-ec446941e434,183038,0,,0
5969,203,1596494315,0,0,contact,,,,7,bbf166ee-a36c-4ab8-b8a5-fa62e29432fb,64613,0,,0
5970,222,1596494316,0,0,contact,,,,7,ebea9177-3a8c-4237-b37d-473be0333837,64916,0,,0
5971,323,1596494715,0,0,quiz,,,,7,,0,2,,100
5972,203,1596494762,0,0,contact,,,,7,bbf166ee-a36c-4ab8-b8a5-fa62e29432fb,39954,0,,0
5973,203,1596494793,0,0,contact,,,,7,bbf166ee-a36c-4ab8-b8a5-fa62e29432fb,17184,0,,0
5974,323,1596494808,0,0,quiz,,,,7,,0,4,,33
5975,203,1596494809,0,0,contact,,,,7,bbf166ee-a36c-4ab8-b8a5-fa62e29432fb,12184,0,,0
5976,172,1596495085,0,0,quiz,,,,7,,0,7,,100
5977,323,1596495190,0,0,quiz,,,,7,,0,7,,66
5978,222,1596496138,0,0,contact,,,,7,ebea9177-3a8c-4237-b37d-473be0333837,1416803,0,,0
5979,203,1596496160,0,0,contact,,,,7,bbf166ee-a36c-4ab8-b8a5-fa62e29432fb,6864,0,,0
5980,203,1596496872,0,0,contact,,,,7,bbf166ee-a36c-4ab8-b8a5-fa62e29432fb,60648,0,,0
5981,203,1596496911,0,0,contact,,,,7,bbf166ee-a36c-4ab8-b8a5-fa62e29432fb,3710,0,,0
5982,203,1596496984,0,0,contact,,,,7,bbf166ee-a36c-4ab8-b8a5-fa62e29432fb,63508,0,,0
5983,203,1596497021,0,0,contact,,,,7,bbf166ee-a36c-4ab8-b8a5-fa62e29432fb,36790,0,,0
5984,203,1596497027,0,0,contact,,,,7,bbf166ee-a36c-4ab8-b8a5-fa62e29432fb,1247,0,,0
5985,203,1596497185,0,0,contact,,,,7,bbf166ee-a36c-4ab8-b8a5-fa62e29432fb,157343,0,,0
5986,203,1596497190,0,0,contact,,,,7,bbf166ee-a36c-4ab8-b8a5-fa62e29432fb,3079,0,,0
5987,203,1596497237,0,0,contact,,,,7,bbf166ee-a36c-4ab8-b8a5-fa62e29432fb,36176,0,,0
5988,203,1596497316,0,0,contact,,,,7,bbf166ee-a36c-4ab8-b8a5-fa62e29432fb,59679,0,,0
5989,203,1596497324,0,0,contact,,,,7,bbf166ee-a36c-4ab8-b8a5-fa62e29432fb,6233,0,,0
5991,203,1596497528,0,0,contact,,,,7,bbf166ee-a36c-4ab8-b8a5-fa62e29432fb,4721,0,,0
5992,93,1596497592,0,0,infection,CASE0[0],,,7,,0,0,,0
5993,222,1596497669,0,0,contact,,,,7,ebea9177-3a8c-4237-b37d-473be0333837,1516544,0,,0
5995,203,1596498079,0,0,contact,,,,7,bbf166ee-a36c-4ab8-b8a5-fa62e29432fb,130216,0,,0
5996,222,1596498109,0,0,contact,,,,7,ebea9177-3a8c-4237-b37d-473be0333837,160562,0,,0
5997,203,1596498184,0,0,contact,,,,7,bbf166ee-a36c-4ab8-b8a5-fa62e29432fb,67762,0,,0
5998,222,1596498351,0,0,contact,,,,7,ebea9177-3a8c-4237-b37d-473be0333837,234131,0,,0
5999,203,1596498424,0,0,contact,,,,7,bbf166ee-a36c-4ab8-b8a5-fa62e29432fb,59774,0,,0
6000,222,1596498425,0,0,contact,,,,7,ebea9177-3a8c-4237-b37d-473be0333837,60865,0,,0
6001,181,1596498546,0,0,outcome,,,RECOVERED,7,,0,0,,0
6002,181,1596498568,0,0,contact,,,,7,4feb933c-f93a-429e-8ff4-8675a792dcff,1586,0,,0
6003,181,1596498649,0,0,contact,,,,7,4feb933c-f93a-429e-8ff4-8675a792dcff,9819,0,,0
6004,203,1596498689,0,0,contact,,,,7,bbf166ee-a36c-4ab8-b8a5-fa62e29432fb,134246,0,,0
6005,222,1596498691,0,0,contact,,,,7,ebea9177-3a8c-4237-b37d-473be0333837,136163,0,,0
6006,181,1596498790,0,0,contact,,,,7,4feb933c-f93a-429e-8ff4-8675a792dcff,1361,0,,0
6007,227,1596499213,0,0,contact,,,,7,bab60078-a51b-4035-b33c-a2b3d2040406,645923,0,,0
6008,181,1596499296,0,0,contact,,,,7,4feb933c-f93a-429e-8ff4-8675a792dcff,44674,0,,0
6009,227,1596499327,0,0,contact,,,,7,bab60078-a51b-4035-b33c-a2b3d2040406,75059,0,,0
6010,181,1596499579,0,0,contact,,,,7,4feb933c-f93a-429e-8ff4-8675a792dcff,40265,0,,0
6011,227,1596499611,0,0,contact,,,,7,bab60078-a51b-4035-b33c-a2b3d2040406,70908,0,,0
6012,94,1596500448,0,0,quiz,,,,5,,0,6,,33
6013,325,1596501455,0,0,quiz,,,,7,,0,2,,66
6014,293,1596501484,0,0,quiz,,,,5,,0,6,,66
6015,325,1596501509,0,0,quiz,,,,7,,0,4,,33
6016,325,1596501548,0,0,quiz,,,,7,,0,7,,100
6017,326,1596502311,0,0,quiz,,,,6,,0,8,,66
6018,326,1596502363,0,0,quiz,,,,6,,0,9,,66
6019,326,1596502501,0,0,quiz,,,,6,,0,10,,100
6020,327,1596503443,0,0,quiz,,,,7,,0,2,,100
6021,327,1596503500,0,0,quiz,,,,7,,0,4,,100
6022,327,1596503550,0,0,quiz,,,,7,,0,7,,66
6023,328,1596503806,0,0,quiz,,,,7,,0,2,,33
6024,328,1596503849,0,0,quiz,,,,7,,0,4,,100
6025,328,1596503899,0,0,quiz,,,,7,,0,7,,66
6026,241,1596504111,0,0,contact,,,,7,baa38cc5-3429-48a0-85fd-ec446941e434,172631,0,,0
6027,241,1596504203,0,0,contact,,,,7,baa38cc5-3429-48a0-85fd-ec446941e434,53448,0,,0
6028,329,1596504221,0,0,quiz,,,,7,,0,2,,100
6029,329,1596504232,0,0,modifier,,,,7,,0,0,Wearing PPE,0
6030,241,1596504234,0,0,contact,,,,7,baa38cc5-3429-48a0-85fd-ec446941e434,30770,0,,0
6031,329,1596504304,0,0,quiz,,,,7,,0,4,,100
6032,330,1596504309,0,0,quiz,,,,7,,0,2,,66
6033,241,1596504356,0,0,contact,,,,7,baa38cc5-3429-48a0-85fd-ec446941e434,65490,0,,0
6034,329,1596504399,0,0,quiz,,,,7,,0,7,,100
6035,330,1596504453,0,0,quiz,,,,7,,0,4,,33
6036,330,1596504563,0,0,quiz,,,,7,,0,7,,66
6037,329,1596504655,0,0,infection,CASE0[0],,,7,,0,0,,0
6038,316,1596504772,0,0,quiz,,,,7,,0,7,,100
6039,331,1596505624,0,0,quiz,,,,6,,0,8,,100
6040,331,1596505685,0,0,quiz,,,,6,,0,9,,66
6041,332,1596506294,0,0,quiz,,,,6,,0,8,,100
6042,181,1596506575,0,0,contact,,,,7,4feb933c-f93a-429e-8ff4-8675a792dcff,33465,0,,0
6043,227,1596506647,0,0,contact,,,,7,bab60078-a51b-4035-b33c-a2b3d2040406,107082,0,,0
6044,304,1596506682,0,0,quiz,,,,7,,0,7,,66
6045,333,1596507007,0,0,quiz,,,,7,,0,2,,100
6046,333,1596507011,0,0,modifier,,,,7,,0,0,Wearing PPE,0
6047,333,1596507044,0,0,quiz,,,,7,,0,4,,33
6048,241,1596507040,0,0,contact,,,,7,baa38cc5-3429-48a0-85fd-ec446941e434,1761,0,,0
6049,333,1596507101,0,0,quiz,,,,7,,0,7,,100
6050,332,1596507364,0,0,quiz,,,,6,,0,9,,66
6051,334,1596507517,0,0,quiz,,,,7,,0,2,,100
6052,334,1596507570,0,0,quiz,,,,7,,0,4,,33
6053,334,1596507594,0,0,quiz,,,,7,,0,7,,66
6054,332,1596508111,0,0,quiz,,,,6,,0,10,,100
6055,335,1596508535,0,0,quiz,,,,7,,0,2,,100
6056,335,1596508605,0,0,quiz,,,,7,,0,4,,100
6057,333,1596508684,0,0,infection,CASE0[0],,,7,,0,0,,0
6058,335,1596508688,0,0,quiz,,,,7,,0,7,,100
6059,241,1596511432,0,0,contact,,,,7,baa38cc5-3429-48a0-85fd-ec446941e434,22007,0,,0
6060,241,1596511622,0,0,contact,,,,7,baa38cc5-3429-48a0-85fd-ec446941e434,182033,0,,0
6061,208,1596512317,0,0,outcome,,,ESCAPED,5,,0,0,,0
6062,241,1596512522,0,0,contact,,,,7,baa38cc5-3429-48a0-85fd-ec446941e434,174792,0,,0
6063,241,1596512763,0,0,contact,,,,7,baa38cc5-3429-48a0-85fd-ec446941e434,200960,0,,0
6065,241,1596514896,0,0,contact,,,,7,baa38cc5-3429-48a0-85fd-ec446941e434,155732,0,,0
6067,241,1596514957,0,0,contact,,,,7,baa38cc5-3429-48a0-85fd-ec446941e434,60554,0,,0
6068,241,1596515005,0,0,contact,,,,7,baa38cc5-3429-48a0-85fd-ec446941e434,42154,0,,0
6070,241,1596515078,0,0,contact,,,,7,baa38cc5-3429-48a0-85fd-ec446941e434,72534,0,,0
6071,241,1596515131,0,0,contact,,,,7,baa38cc5-3429-48a0-85fd-ec446941e434,48519,0,,0
6073,241,1596515267,0,0,contact,,,,7,baa38cc5-3429-48a0-85fd-ec446941e434,100517,0,,0
6074,241,1596515476,0,0,contact,,,,7,baa38cc5-3429-48a0-85fd-ec446941e434,48477,0,,0
6075,241,1596515512,0,0,contact,,,,7,baa38cc5-3429-48a0-85fd-ec446941e434,30997,0,,0
6076,241,1596515606,0,0,contact,,,,7,baa38cc5-3429-48a0-85fd-ec446941e434,39509,0,,0
6077,241,1596515646,0,0,contact,,,,7,baa38cc5-3429-48a0-85fd-ec446941e434,34066,0,,0
6078,241,1596515723,0,0,contact,,,,7,baa38cc5-3429-48a0-85fd-ec446941e434,40216,0,,0
6084,197,1596522249,0,0,quiz,,,,7,,0,2,,100
6085,197,1596522345,0,0,quiz,,,,7,,0,4,,100
6086,197,1596522435,0,0,quiz,,,,7,,0,7,,100
6089,241,1596528501,0,0,contact,,,,7,baa38cc5-3429-48a0-85fd-ec446941e434,21542,0,,0
